"Title","Type","Availability","MSRP Currency","MSRP","Show Price Currency","Show Price","Publisher","Location","Priority","Notes","Thumbs","BGGId","BGGVersionId","Mfg Product Code","Release Date","Override Release Date","Events"
"Everdell Emerland","Standalone","For Sale","USD",100,"USD",79,"Tycoon Games","Booth #1819","N/A","N/A",67,"455843","775950","","2026-04-00","",""
"Wizerds, Warriors, and Werewolves","Standalone","Demo","USD",25,"N/A","N/A","Tycoon Games","Event Hall","N/A","N/A",2,"468574","797770","TYC3450EN","0000-00-00","",""
"Blood Rage: Valhalla","Standalone","For Sale","USD",125,"USD",100,"Tycoon Games","Booth #1819","N/A","N/A",33,"449472","764244","","2026-07-00","",""
"Tiny Epic Invincible","Standalone","Demo","N/A","N/A","N/A","N/A","Tycoon Games","Event Hall","N/A","N/A",8,"463329","788559","","0000-00-00","",""
"Everdell Journeys","Standalone","Demo","USD",50,"N/A","N/A","Tycoon Games","Event Hall","N/A","N/A",48,"468395","797499","","0000-00-00","",""
"Tiny Epic Dungeons Adventures","Standalone","Demo","USD",45,"N/A","N/A","Gamelyn Games","Event Hall","N/A","N/A",30,"439586","747148","","2026-01-00","",""
"Green Team Wins Again","Standalone","For Sale","USD",25,"N/A","N/A","25th Century Games","2219","N/A","N/A",46,"469975","800079","","2026-06-10","",""
"Bullseye","Standalone","For Sale","USD",25,"N/A","N/A","25th Century Games","2219","N/A","N/A",22,"423989","719378","","2026-02-18","",""
"The First Tsar: Ivan the Terrible","Standalone","For Sale","USD",50,"N/A","N/A","25th Century Games","2219","N/A","N/A",45,"409553","738970","","2026-04-01","",""
"Shards of Creation","Standalone","For Sale","USD",24.99,"N/A","N/A","Brotherwise Games","Booth 339 and Room 133","N/A","N/A",54,"451772","768510","","2026-00-00","",""
"Three Sisters: Harvest Edition","Standalone","For Sale","USD",40,"N/A","N/A","25th Century Games","2219","N/A","N/A",114,"436127","740465","","2026-05-00","",""
"March of the Ants: Evolved Edition","Standalone","For Sale","USD",60,"USD",55,"Weird City Games","USA","N/A","N/A",54,"416079","704682","","2025-11-00","",""
"Intent to Kill","Standalone","For Sale","USD",40,"N/A","N/A","25th Century Games","2219","N/A","N/A",37,"409572","738969","","2026-03-04","",""
"Lionwake","Standalone","Demo","N/A","N/A","N/A","N/A","NUWA Board Games","#2338","N/A","N/A",48,"456018","776237","","0000-00-00","Q3, 2027",""
"Intent to Kill: Upgrade Pack","Expansion","For Sale","USD",25,"N/A","N/A","25th Century Games","2219","N/A","N/A",21,"448570","762591","","2026-03-00","",""
"March of the Ants: Evolved Edition – Predators & Prey","Expansion","For Sale","USD",40,"USD",35,"Weird City Games","USA","N/A","N/A",10,"466339","794023","","0000-00-00","",""
"Beer Mug Dice","Standalone","For Sale","USD",25,"N/A","N/A","25th Century Games","2219","N/A","N/A",23,"148531","792711","","2026-07-00","",""
"Dragonarium","Standalone","For Sale","USD",39.99,"N/A","N/A","Wonderful World Board Games","#2338","N/A","N/A",78,"439520","747027","","2026-04-15","",""
"Hits & Outs","Standalone","For Sale","USD",20,"N/A","N/A","25th Century Games","2219","N/A","N/A",32,"443146","792710","","2026-08-00","",""
"VNTYPL8S","Standalone","For Sale","USD",25,"N/A","N/A","25th Century Games","2219","N/A","N/A",20,"423987","719376","","2026-04-29","",""
"Coloroo","Standalone","For Sale","USD",14.99,"USD",14.99,"Lioness Games","","N/A","N/A",9,"462531","787280","","2026-00-00","",""
"FaeKin","Standalone","For Sale","USD",24.99,"USD",24.99,"Lioness Games","","N/A","N/A",15,"445610","757645","","2025-08-00","",""
"Aetherspire","Standalone","For Sale","USD",50,"USD",40,"Phase Shift Games","Booth #274","N/A","N/A",20,"423020","717639","","2025-11-00","",""
"Super Auto Pets Card Battle: Classic Pack","Standalone","For Sale","USD",20,"USD",20,"Plaid Hat Games","2229","N/A","N/A",15,"450335","765802","","2026-08-00","",""
"7th Sea: City of Five Sails – Blood and Salt","Expansion","For Sale","USD",39.99,"USD",39.99,"Pine Box Entertainment","","N/A","N/A",5,"469219","798841","PBE03022","0000-00-00","Q3 2026",""
"Pendragon: Glory of the Round Table","Standalone","For Sale","USD",29.99,"USD",29.99,"Pine Box Entertainment","","N/A","N/A",5,"450583","766213","","0000-00-00","",""
"Doomtown: Weird West Edition","Standalone","For Sale","USD",59.99,"USD",59.99,"Pine Box Entertainment","","N/A","N/A",18,"353782","793442","PBE01017","0000-00-00","Q2 2026",""
"The Frozen Passage","Standalone","For Sale","USD",23,"USD",21,"Oink Games","459","N/A","N/A",34,"468616","803529","","0000-00-00","",""
"Compress","Standalone","For Sale","USD",23,"USD",21,"Oink Games","459","N/A","N/A",16,"448646","798077","","2026-05-29","",""
"Perennial","Standalone","Demo","N/A","N/A","N/A","N/A","Flatout Games","","N/A","N/A",115,"471962","803273","","0000-00-00","",""
"Mystic Curling Club","Standalone","For Sale","N/A","N/A","USD",40,"Asmadi Games","Booth #2555","N/A","N/A",41,"447729","761193","","2026-08-01","",""
"Chess Joker","Standalone","For Sale","N/A","N/A","USD",40,"Asmadi Games","Booth #2555","N/A","N/A",16,"447728","761191","","2026-08-01","",""
"Relative Space","Standalone","For Sale","USD",19.99,"USD",19.99,"3WS Games","Booth 231","N/A","N/A",53,"442507","752389","","2026-00-00","",""
"Ascendancy: Underworld","Expansion","Demo","N/A","N/A","N/A","N/A","One More Turn Games","","N/A","N/A",11,"437188","742385","","2026-08-01","",""
"Digging For Dinos","Standalone","For Sale","USD",29.99,"USD",29.92,"3WS Games","Booth 231","N/A","N/A",26,"414633","702222","","0000-00-00","Q4 2025",""
"Cattywampus","Standalone","For Sale","USD",24.99,"USD",24.99,"3WS Games","Booth 231","N/A","N/A",23,"442509","752392","","0000-00-00","Q4 2025",""
"Cola Wars","Standalone","Demo","N/A","N/A","N/A","N/A","One More Turn Games","","N/A","N/A",67,"429373","728952","","0000-00-00","",""
"Lion Dancers","Standalone","Demo","N/A","N/A","N/A","N/A","Hot Banana Games","2105","N/A","N/A",23,"454518","773827","","2027-00-00","",""
"Moon Bunny","Standalone","For Sale","USD",45,"N/A","N/A","Hot Banana Games","2105","N/A","N/A",30,"377991","645462","","2025-09-17","",""
"Steam Up: Twelve Zodiacs Card Game","Standalone","Demo","N/A","N/A","N/A","N/A","Hot Banana Games","2105","N/A","N/A",18,"464055","789987","","2027-00-00","",""
"Cup the Crab","Standalone","For Sale","USD",15,"N/A","N/A","25th Century Games","2219","N/A","N/A",48,"437879","788146","","2026-07-00","",""
"Yeti Snack!","Standalone","For Sale","USD",30,"N/A","N/A","25th Century Games","2219","N/A","N/A",13,"423231","792712","","2026-07-00","",""
"Satchel Quest","Standalone","Demo","N/A","N/A","N/A","N/A","Weird City Games","","N/A","N/A",67,"359842","605400","","2026-10-00","",""
"Distilled: Cocktails","Expansion","For Sale","USD",60,"USD",60,"Paverson Games","","N/A","N/A",64,"431123","731990","","2026-08-00","",""
"Star Gazers","Standalone","For Sale","USD",40,"N/A","N/A","25th Century Games","2219","N/A","N/A",34,"421484","714742","","2026-09-00","",""
"Observatory","Standalone","For Sale","USD",30,"N/A","N/A","25th Century Games","2219","N/A","N/A",55,"361603","610466","","2026-09-00","",""
"Power Vacuum","Standalone","For Sale","USD",30,"N/A","N/A","25th Century Games","2219","N/A","N/A",41,"402106","792714","","2026-09-00","",""
"The Six of VIII","Standalone","For Sale","USD",15,"N/A","N/A","25th Century Games","2219","N/A","N/A",60,"394691","771832","","2026-10-00","",""
"Pulitzer","Standalone","For Sale","USD",60,"N/A","N/A","25th Century Games","2219","N/A","N/A",40,"428231","792716","","2026-09-00","",""
"Orbita","Standalone","For Sale","USD",15,"N/A","N/A","25th Century Games","2219","N/A","N/A",46,"452324","792717","","2026-08-00","",""
"The Phantom of the Opera","Standalone","For Sale","USD",15,"N/A","N/A","25th Century Games","2219","N/A","N/A",45,"419416","792718","","2026-08-00","",""
"Ra: The Dice Game","Standalone","For Sale","USD",30,"N/A","N/A","25th Century Games","2219","N/A","N/A",74,"35503","767121","","2026-09-00","",""
"Rheinländer","Standalone","For Sale","USD",50,"N/A","N/A","25th Century Games","2219","N/A","N/A",56,"111","782540","","2026-10-00","",""
"Button Kingdoms","Standalone","Demo","N/A","N/A","N/A","N/A","Around the Stump Games LLC","Booth #1907","N/A","N/A",14,"411932","698202","","0000-00-00","Q2 2026",""
"Class of '89","Standalone","Demo","N/A","N/A","N/A","N/A","Paverson Games","","N/A","N/A",142,"442093","751816","","2026-00-00","Q3 2026",""
"Take a Seat","Standalone","For Sale","USD",30,"N/A","N/A","25th Century Games","2219","N/A","N/A",87,"352485","741036","","2026-03-18","",""
"The Battle of Versailles","Standalone","For Sale","USD",35,"N/A","N/A","25th Century Games","2219","N/A","N/A",64,"379959","740474","","2026-03-18","",""
"Boss Monster Junior","Standalone","Demo","USD",24.99,"N/A","N/A","Brotherwise Games","Booth 339 and Room 133","N/A","N/A",11,"448286","762088","","0000-00-00","Q3 2026",""
"Super Boss Monster II: The Die is Cast","Standalone","Demo","USD",39.99,"N/A","N/A","Brotherwise Games","Booth 339 and Room 133","N/A","N/A",23,"448284","762086","","2026-10-00","",""
"Mistborn: The Deckbuilding Game","Standalone","For Sale","USD",49.99,"USD",45,"Brotherwise Games","Booth 339 and Room 133","N/A","N/A",69,"422780","717189","","2024-11-00","",""
"Petal","Standalone","For Sale","USD",20,"N/A","N/A","Chris Couch Games","Booth 2753","N/A","N/A",53,"462532","787282","","0000-00-00","",""
"Headliner","Standalone","Demo","N/A","N/A","N/A","N/A","Chris Couch Games","Booth 2753","N/A","N/A",55,"469247","798900","","2026-11-00","",""
"Vector","Standalone","Demo","N/A","N/A","N/A","N/A","Chris Couch Games","Booth 2753","N/A","N/A",51,"421272","714357","","0000-00-00","Q4 2026",""
"Holiday Hills: Santa and Krampus Double Expansion","Expansion","For Sale","USD",25,"N/A","N/A","Chris Couch Games","Booth 2753","N/A","N/A",32,"446476","759009","","2025-12-00","",""
"Faraway: Under Starry Skies","Expansion","For Sale","USD",10,"N/A","N/A","Pandasaurus Games","Booth #215","N/A","N/A",110,"451708","789461","","2026-02-20","",""
"Tulikko","Standalone","For Sale","USD",50,"N/A","N/A","Pandasaurus Games","Booth #215","N/A","N/A",49,"446523","789287","","2026-04-15","",""
"Shackleton Base: Below. Within. Above.","Expansion","For Sale","USD",50,"N/A","N/A","Pandasaurus Games","Booth #215","N/A","N/A",117,"453037","791996","","0000-00-00","Apr/May 2026",""
"Kingdom Crossing","Standalone","For Sale","USD",50,"N/A","N/A","Pandasaurus Games","Booth #215","N/A","N/A",101,"437245","794990","","2026-08-05","",""
"Gulo Gulo","Standalone","For Sale","USD",40,"N/A","N/A","Pandasaurus Games","Booth #215","N/A","N/A",36,"6351","800056","PANGULOCORE","2026-08-00","",""
"Sandcastles","Standalone","For Sale","USD",20,"N/A","N/A","Pandasaurus Games","Booth #215","N/A","N/A",48,"469599","799475","","0000-00-00","August 2026",""
"Hacienda","Standalone","For Sale","USD",40,"N/A","N/A","Pandasaurus Games","Booth #215","N/A","N/A",47,"450713","766532","","0000-00-00","Q1 2026",""
"Moustache","Standalone","For Sale","USD",25,"N/A","N/A","Pandasaurus Games","Booth #215","N/A","N/A",44,"448428","801949","","2026-09-00","",""
"Gold Country","Standalone","For Sale","USD",45,"N/A","N/A","Bitewing Games","1253","N/A","N/A",103,"461367","785419","","2026-00-00","",""
"Totally Human","Standalone","For Sale","USD",28,"N/A","N/A","Bitewing Games","1253","N/A","N/A",24,"462206","786694","","0000-00-00","",""
"Azure","Standalone","For Sale","USD",30,"N/A","N/A","Bitewing Games","1253","N/A","N/A",55,"447254","760373","","2026-03-00","",""
"Moytura","Standalone","For Sale","USD",40,"N/A","N/A","Bitewing Games","1253","N/A","N/A",108,"447252","760367","","2026-03-00","",""
"Castle Combo: Out of the Oubliette!","Expansion","For Sale","USD",10,"N/A","N/A","Pandasaurus Games","Booth #215","N/A","N/A",104,"448182","787007","","2026-01-02","",""
"Bombastic","Standalone","For Sale","USD",20,"N/A","N/A","Bitewing Games","1253","N/A","N/A",25,"438845","745669","","2025-11-00","",""
"Gazebo","Standalone","For Sale","USD",40,"N/A","N/A","Bitewing Games","1253","N/A","N/A",55,"440023","748206","","2025-11-00","",""
"Gingham","Standalone","For Sale","USD",40,"N/A","N/A","Bitewing Games","1253","N/A","N/A",44,"440024","748207","","2025-11-00","",""
"Treat, Please!","Standalone","For Sale","N/A","N/A","USD",35,"Solis Game Studio","Booth 2340","N/A","N/A",23,"429333","728867","","2026-02-00","",""
"Six-Sided Seas","Standalone","For Sale","N/A","N/A","USD",25,"Solis Game Studio","Booth 2340","N/A","N/A",27,"462764","787653","","2026-08-00","",""
"Queen of Spies","Standalone","For Sale","USD",40,"N/A","N/A","Salt & Pepper Games","Booth #2666","N/A","N/A",59,"454119","773108","","2026-07-00","",""
"The Glasgow Train Robbery","Standalone","For Sale","USD",40,"N/A","N/A","Salt & Pepper Games","Booth #2666","N/A","N/A",132,"450539","766148","","2026-05-01","",""
"Diables","Standalone","Demo","USD",80,"N/A","N/A","Salt & Pepper Games","Booth #2666","N/A","N/A",167,"469504","799306","","0000-00-00","",""
"Entropy","Standalone","For Sale","USD",65,"USD",65,"Board&Dice","2527","N/A","N/A",595,"462941","787933","","0000-00-00","",""
"Under the Leaves","Standalone","For Sale","USD",34.99,"USD",34.99,"Grand Gamers Guild","264","N/A","N/A",210,"436751","795382","","0000-00-00","",""
"Kokeshi","Standalone","For Sale","USD",49.99,"USD",49.99,"Grand Gamers Guild","2649","N/A","N/A",252,"415507","763414","","2026-04-00","",""
"Holiday Hijinks #13: The Friday Fright","Standalone","For Sale","USD",10.99,"USD",10.99,"Grand Gamers Guild","2649","N/A","N/A",160,"465899","793252","","0000-00-00","",""
"Holiday Hijinks #14: The Dreidel Dilemma","Standalone","For Sale","USD",10.99,"USD",10.99,"Grand Gamers Guild","2649","N/A","N/A",156,"455629","775529","","0000-00-00","",""
"Red or Yellow","Standalone","Demo","USD",19.95,"USD",19.95,"The Op Games","","N/A","N/A",7,"465709","792689","","0000-00-00","2026",""
"Qork","Standalone","Demo","USD",19.99,"USD",19.99,"The Op Games","","N/A","N/A",19,"207331","791840","","0000-00-00","2026",""
"Tacta","Standalone","Demo","USD",7.95,"USD",7.95,"The Op Games","","N/A","N/A",27,"401636","792594","","2026-00-00","",""
"Hummingbirds","Standalone","Demo","USD",19.95,"USD",19.95,"The Op Games","","N/A","N/A",26,"423404","718327","","0000-00-00","",""
"Anomia","Standalone","Demo","USD",17.95,"USD",17.95,"The Op Games","","N/A","N/A",12,"67877","792814","","0000-00-00","",""
"Tap 4","Standalone","Demo","USD",7.95,"USD",7.95,"The Op Games","","N/A","N/A",23,"404936","792272","","0000-00-00","",""
"Flip 7: With A Vengeance","Standalone","Demo","USD",9.97,"USD",9.97,"The Op Games","","N/A","N/A",45,"463441","788784","CSGFLIP7V","2026-01-31","",""
"Desperate Oasis","Standalone","Demo","USD",10.95,"USD",10.95,"The Op Games","","N/A","N/A",26,"428904","792813","","0000-00-00","",""
"The Battle of the Divas","Standalone","For Sale","USD",40,"N/A","N/A","Salt & Pepper Games","Booth #2666","N/A","N/A",41,"439547","747073","","2025-10-00","",""
"The Battle of the Divas: Palco Reale","Expansion","For Sale","USD",20,"N/A","N/A","Salt & Pepper Games","Booth #2666","N/A","N/A",24,"447766","761263","","0000-00-00","",""
"Nippon: Zaibatsu","Standalone","For Sale","USD",95,"USD",95,"CrowD Games","163","N/A","N/A",169,"434367","737721","","2026-02-00","",""
"Winnie the Pooh: Serious Detective","Standalone","For Sale","USD",45,"USD",45,"CrowD Games","163","N/A","N/A",78,"449448","764209","","2025-00-00","",""
"Barrage: The Far Companies","Expansion","For Sale","USD",45,"USD",45,"CrowD Games","163","N/A","N/A",72,"430436","730756","","0000-00-00","",""
"Arkham Travel Guide","Standalone","For Sale","USD",20,"USD",20,"CrowD Games","163","N/A","N/A",72,"439409","746785","","2025-10-00","",""
"Innsmouth Travel Guide","Standalone","For Sale","USD",22,"USD",22,"CrowD Games","163","N/A","N/A",66,"447571","760952","CGA18002","2025-10-00","",""
"Echoes of Time","Standalone","For Sale","USD",55,"USD",55,"CrowD Games","163","N/A","N/A",96,"441850","765457","CGA22001","0000-00-00","Oct 2025",""
"Tag Team: Arthur's Legacy","Standalone","For Sale","USD",19.99,"USD",19.99,"Scorpion Masqué","Hachette Boardgames USA Booth 2435","N/A","N/A",124,"460556","792774","SMTT02EN","0000-00-00","",""
"Omens","Standalone","For Sale","USD",19.99,"USD",19.99,"Hachette Boardgames USA","Booth 2435","N/A","N/A",14,"428787","795627","","2026-08-05","",""
"Perfectly Imperfect","Standalone","For Sale","USD",19.99,"USD",19.99,"Hachette Boardgames USA","Booth 2435","N/A","N/A",13,"464301","790356","RAHPIMP01EN","2026-06-03","",""
"Mythologies","Standalone","For Sale","USD",39.99,"USD",39.99,"Hachette Boardgames USA","Booth 2435","N/A","N/A",107,"447570","796805","","0000-00-00","Q3 2026",""
"7th Seal","Standalone","For Sale","N/A","N/A","N/A","N/A","Devir","","N/A","N/A",71,"457575","779027","","0000-00-00","August 2026",""
"Rock Hard 1977: Ear Candy","Expansion","For Sale","N/A","N/A","N/A","N/A","Devir","","N/A","N/A",115,"457581","779046","","0000-00-00","Aug 2026",""
"Claustrophobia 1692","Standalone","Demo","N/A","N/A","N/A","N/A","Devir","","N/A","N/A",56,"456364","776910","","0000-00-00","Q4 2026",""
"Crits & Tricks","Standalone","For Sale","N/A","N/A","N/A","N/A","Inside Up Games","","N/A","N/A",75,"436907","741688","IUG_019 1ST PR","2026-01-00","Q2 2026",""
"Thieves of Eldris","Standalone","For Sale","N/A","N/A","N/A","N/A","Inside Up Games","","N/A","N/A",23,"436908","741690","","2026-01-00","Q2 2026",""
"Tug of Roar","Standalone","For Sale","N/A","N/A","N/A","N/A","Inside Up Games","","N/A","N/A",18,"436909","741693","","2026-01-00","Q2 2026",""
"Earth: Animal Kingdom","Expansion","For Sale","N/A","N/A","N/A","N/A","Inside Up Games","","N/A","N/A",62,"442298","752082","","2026-01-00","Q2 2026",""
"Kalypso","Standalone","Demo","N/A","N/A","N/A","N/A","Inside Up Games","","N/A","N/A",99,"446453","758979","","2026-09-00","",""
"The Adventure Store","Standalone","Demo","N/A","N/A","N/A","N/A","Inside Up Games","","N/A","N/A",30,"470760","801250","IUG029","2027-08-00","",""
"Behind the Lens: Photographing Earth","Standalone","Demo","N/A","N/A","N/A","N/A","Inside Up Games","","N/A","N/A",62,"467573","796017","IUG027","0000-00-00","",""
"Quartermaster General: West Front","Standalone","Demo","N/A","N/A","N/A","N/A","Ares Games","#331","N/A","N/A",9,"463097","788190","ARTG031","0000-00-00","Q4 2026",""
"Vampire Survivors: The Board Game","Standalone","For Sale","USD",79,"USD",79,"Grey Fox Games","","N/A","N/A",40,"447125","760138","","2026-12-00","",""
"Into the Machine","Standalone","For Sale","N/A","N/A","N/A","N/A","Alderac Entertainment Group","","N/A","N/A",63,"446670","759323","","2026-09-00","",""
"Misfit Heroes","Standalone","For Sale","N/A","N/A","N/A","N/A","Alderac Entertainment Group","","N/A","N/A",59,"421570","714867","","2026-03-00","",""
"Assemble!","Standalone","For Sale","N/A","N/A","N/A","N/A","Alderac Entertainment Group","","N/A","N/A",33,"468063","796926","AEG1143","2026-08-07","",""
"Word Wipe","Standalone","For Sale","N/A","N/A","N/A","N/A","Alderac Entertainment Group","","N/A","N/A",23,"468067","796930","AEG 1142","2026-08-07","",""
"JumbleJack","Standalone","For Sale","N/A","N/A","N/A","N/A","Alderac Entertainment Group","","N/A","N/A",22,"468065","796928","AEG1144","2026-08-07","",""
"Electrify","Standalone","Demo","N/A","N/A","N/A","N/A","Alderac Entertainment Group","","N/A","N/A",110,"462761","787650","1012","2027-00-00","",""
"Dogfight: 1917","Standalone","For Sale","USD",44.99,"USD",44.99,"Arcane Wonders","","N/A","N/A",32,"445533","801803","","0000-00-00","",""
"Leylines","Standalone","For Sale","USD",59.99,"USD",59.99,"Arcane Wonders","","N/A","N/A",18,"367842","625746","","2024-00-00","Q4 2025",""
"Shape it","Standalone","For Sale","USD",19.99,"USD",19.99,"Hachette Boardgames USA","Booth 2435","N/A","N/A",6,"463681","789266","RANSHA01EN","2026-04-22","",""
"Leaf It!","Standalone","For Sale","USD",14.99,"USD",14.99,"Hachette Boardgames USA","Booth 2435","N/A","N/A",5,"468567","797760","ESLI01EN","2026-06-03","",""
"Excursions","Standalone","Demo","N/A","N/A","N/A","N/A","Kinson Key Games","Booth #2842","N/A","N/A",158,"468800","798195","","2027-00-00","",""
"Galactic Cruise: Perfect Planning Promo Card","Expansion","For Sale","USD",3,"USD",3,"Kinson Key Games","Booth #2842","N/A","N/A",57,"470410","800816","","0000-00-00","",""
"Canal Houses","Standalone","For Sale","USD",16.99,"USD",16.99,"Hachette Boardgames USA","Booth 2435","N/A","N/A",30,"404845","798468","GJBBELL-EN","2026-04-15","",""
"Akropolis: Pantheon","Expansion","For Sale","USD",16.99,"USD",16.99,"Hachette Boardgames USA","Booth 2435","N/A","N/A",46,"461828","790546","","2026-04-15","",""
"Forage","Standalone","For Sale","USD",24.99,"N/A","N/A","Flatout Games","","N/A","N/A",125,"458390","780472","","0000-00-00","Q3 2026",""
"Honeypot","Standalone","For Sale","USD",24.99,"N/A","N/A","Flatout Games","","N/A","N/A",98,"458391","780473","","0000-00-00","Q3 2026",""
"Cascadia: Alpine Lakes","Standalone","For Sale","USD",49.99,"N/A","N/A","Flatout Games","","N/A","N/A",169,"446815","759579","","0000-00-00","Q3 2026",""
"Panic Lab","Standalone","For Sale","USD",16.99,"USD",16.99,"Hachette Boardgames USA","Booth 2435","N/A","N/A",9,"121073","801917","GBPL-US","2026-06-00","",""
"Aquatica: Duellum","Standalone","For Sale","USD",44.99,"USD",44.99,"Arcane Wonders","","N/A","N/A",34,"422041","771336","","0000-00-00","Q1 2026",""
"Onstage","Standalone","For Sale","USD",19.99,"USD",19.99,"Arcane Wonders","","N/A","N/A",25,"417224","747266","","2024-04-00","Q1 2026",""
"Cat and the Tower","Standalone","For Sale","USD",29.99,"USD",29.99,"Arcane Wonders","","N/A","N/A",39,"424751","761371","AWG AW27CAT","2025-08-00","Q1 2026",""
"Chang'an","Standalone","For Sale","USD",44.99,"USD",44.99,"Arcane Wonders","","N/A","N/A",26,"351849","774115","AW30CHA","2026-00-00","",""
"If Then","Standalone","For Sale","USD",19.99,"USD",19.99,"Arcane Wonders","","N/A","N/A",16,"423465","718447","","2025-08-00","Q1 2026",""
"Number Chain","Standalone","For Sale","USD",17.99,"USD",17.99,"Arcane Wonders","","N/A","N/A",12,"421921","761372","","2025-08-00","Q1 2026",""
"Pyradice","Standalone","For Sale","USD",44.99,"USD",44.99,"Arcane Wonders","","N/A","N/A",39,"423170","747129","","0000-00-00","Q1 2026",""
"Raas: A Dance of Love","Standalone","Demo","USD",64.99,"N/A","N/A","Arcane Wonders","","N/A","N/A",83,"358912","603740","","2026-00-00","Q1 2026",""
"Quagmire","Standalone","For Sale","USD",30,"N/A","N/A","Perplext","1903","N/A","N/A",31,"468529","797694","PEX2003","2026-09-01","",""
"Goats & Goblins","Standalone","For Sale","USD",22,"USD",20,"B.A. Games","","N/A","N/A",24,"446580","759193","","2025-11-00","",""
"Brave & Bold: Bag Building Combat Game","Standalone","For Sale","USD",32.5,"USD",27,"Resurrection Games","Booth#3054","N/A","N/A",41,"464449","790645","","2026-09-04","",""
"Scooby-Doo Mystery Masquerade","Standalone","For Sale","USD",37.95,"USD",33,"Resurrection Games","Booth#3054","N/A","N/A",15,"468275","797310","RGC-WB05001FP25","2026-06-15","",""
"Game of Thrones: Masters of Intrigue","Standalone","For Sale","USD",24.95,"USD",21,"Resurrection Games","Booth#3054","N/A","N/A",15,"468290","797334","RGC-WB04002FP25","2026-06-15","",""
"Looney Tunes: Hunting Wabbits","Standalone","For Sale","USD",24.95,"USD",21,"Resurrection Games","Booth#3054","N/A","N/A",18,"468289","797333","RGC-WB04001FP25","2026-06-15","",""
"Seeker of Spells","Standalone","For Sale","USD",25,"USD",25,"MindWare","2002","N/A","N/A",14,"465254","791879","","2026-02-00","",""
"Trail to the Temple","Standalone","For Sale","USD",30,"USD",30,"MindWare","2002","N/A","N/A",38,"464332","790408","","2026-07-30","",""
"The Red Dragon Inn 10","Standalone","For Sale","USD",49.95,"N/A","N/A","SlugFest Games","Booth #1329","N/A","N/A",17,"455834","775937","","0000-00-00","Q3 2026",""
"Hotshots","Standalone","Demo","USD",49.95,"USD",49.95,"Fireside Games","2228","N/A","N/A",21,"218050","797524","FSD1024","2026-00-00","",""
"War of the Ring: The Card Game – Hope and Despair","Expansion","Demo","N/A","N/A","N/A","N/A","Ares Games","#331","N/A","N/A",26,"463092","788179","WOTR104","0000-00-00","Q4 2026",""
"War of the Ring: Sieges of Middle-earth","Expansion","Demo","N/A","N/A","N/A","N/A","Ares Games","#331","N/A","N/A",27,"463030","788077","WOTR025","0000-00-00","Q4 2026",""
"Pirates of the High Teas","Standalone","For Sale","USD",45,"N/A","N/A","Pink Hawk Games","","N/A","N/A",55,"421974","715759","","2026-03-00","",""
"Super Chonk","Standalone","Demo","N/A","N/A","N/A","N/A","Pink Hawk Games","","N/A","N/A",15,"459817","782964","","0000-00-00","",""
"Good Kitties","Standalone","Demo","N/A","N/A","N/A","N/A","Pink Hawk Games","","N/A","N/A",20,"460093","783404","","2027-06-01","",""
"Lemonade Wars","Standalone","For Sale","USD",30,"N/A","N/A","Sophisticated Cerberus Games, LLC","Booth 1934","N/A","N/A",8,"463075","788149","","2026-06-18","",""
"Vines and Flowers: Blooming Harmony","Standalone","For Sale","USD",39.99,"USD",39.99,"Whales Entertainment","HALL G booth #2939","N/A","N/A",17,"424745","720642","","2026-06-17","",""
"Werewolf: Duel!","Standalone","For Sale","USD",9.99,"N/A","N/A","Whales Entertainment","HALL G booth #2939","N/A","N/A",4,"436306","740725","","2025-12-00","",""
"Escape from the Silken Web","Standalone","For Sale","N/A","N/A","N/A","N/A","Whales Entertainment","HALL G booth #2939","N/A","N/A",5,"468791","798165","WEG10000","2026-00-00","",""
"Clandestine","Standalone","For Sale","USD",129,"N/A","N/A","Brookspun Games","","N/A","N/A",48,"367199","624525","","2026-00-00","",""
"Size Wise","Standalone","For Sale","USD",20,"N/A","N/A","GameHead","","N/A","N/A",38,"457019","777945","","0000-00-00","Q2 2026",""
"Friendly Fishing","Standalone","For Sale","USD",20,"N/A","N/A","GameHead","","N/A","N/A",55,"457008","777929","","2026-07-00","",""
"Tales of Myth & Legend","Standalone","For Sale","N/A","N/A","N/A","N/A","Van Ryder Games","Room 125","N/A","N/A",45,"392823","668314","","2026-08-00","",""
"Prague Unseen","Standalone","Demo","N/A","N/A","N/A","N/A","Albi","2564","N/A","N/A",116,"457410","778660","","2026-00-00","",""
"Final Girl: The Green Terror","Expansion","For Sale","N/A","N/A","N/A","N/A","Van Ryder Games","Booth 2719","N/A","N/A",59,"438602","745243","","2026-00-00","",""
"Star Trek: Space Hunt","Standalone","For Sale","USD",35,"USD",35,"Matagot","2321","N/A","N/A",27,"470574","800979","MAT-ONA-020-748","2026-07-31","",""
"Kano","Standalone","For Sale","USD",40,"USD",40,"Matagot","2321","N/A","N/A",35,"470343","800728","","2026-08-01","",""
"Wanted Wombats","Standalone","For Sale","USD",20,"USD",15,"Barrel Aged Games","Barrel Aged Games - Booth #2737","N/A","N/A",16,"374071","748101","","2025-07-15","Q3 2025",""
"Munchkin: Second Edition","Standalone","For Sale","N/A","N/A","N/A","N/A","Steve Jackson Games","Booth 1401","N/A","N/A",5,"463285","788486","","0000-00-00","",""
"Munchkin: Vox Machina – A Critical Role Game","Standalone","For Sale","N/A","N/A","N/A","N/A","Steve Jackson Games","Booth 1401","N/A","N/A",9,"454650","774018","SJG1552","2026-03-00","Mar/Apr 2026",""
"Purrfect Potions","Standalone","For Sale","N/A","N/A","N/A","N/A","Steve Jackson Games","Booth 1401","N/A","N/A",10,"456550","777187","1586","2025-09-00","",""
"Nature: Climate","Expansion","For Sale","USD",29.99,"USD",29.99,"NorthStar Game Studio","","N/A","N/A",62,"453175","771311","","2026-06-00","",""
"Sniper Elite: Escalation","Expansion","For Sale","USD",35,"USD",35,"Rebellion Unplugged","","N/A","N/A",19,"444238","755345","","2026-02-00","",""
"Joyride: Survival of the Fastest","Standalone","Demo","USD",65,"USD",65,"Rebellion Unplugged","","N/A","N/A",22,"371183","633003","RBN06000","2024-11-00","",""
"Joyride: Turbo","Standalone","For Sale","USD",130,"USD",130,"Rebellion Unplugged","","N/A","N/A",23,"424809","720755","RBN069000","0000-00-00","Q4 2024",""
"Joyride Duel: Next Gen","Standalone","For Sale","USD",40,"USD",40,"Rebellion Unplugged","","N/A","N/A",22,"399318","677675","RBN06001","2025-02-00","",""
"Final Girl: The Raptor Games","Expansion","For Sale","N/A","N/A","N/A","N/A","Van Ryder Games","Booth 2719","N/A","N/A",49,"464502","790741","","0000-00-00","",""
"Abaku","Standalone","For Sale","USD",25,"N/A","N/A","Albi","2564","N/A","N/A",49,"173390","801983","","2026-07-24","",""
"Karak: Labyrinth","Standalone","For Sale","USD",28,"N/A","N/A","Albi","2564","N/A","N/A",54,"444883","756414","","2026-02-12","",""
"Dirt & Dust: Harbordrift","Expansion","For Sale","USD",7,"N/A","N/A","Albi","2564","N/A","N/A",60,"457414","791217","","0000-00-00","",""
"Final Girl: A Demon in the Shadows","Expansion","For Sale","N/A","N/A","N/A","N/A","Van Ryder Games","Booth 2719","N/A","N/A",49,"438604","745245","","2025-12-00","",""
"Potemkin Villages","Standalone","Demo","N/A","N/A","N/A","N/A","Albi","2564","N/A","N/A",60,"454829","801980","","0000-00-00","",""
"Pet Quartet","Standalone","For Sale","USD",20,"N/A","N/A","GameHead","","N/A","N/A",25,"457020","777948","","0000-00-00","Q2 2026",""
"Wild Magic","Standalone","For Sale","USD",20,"N/A","N/A","GameHead","","N/A","N/A",52,"453741","772440","","0000-00-00","Q2 2026",""
"Trick to the Future","Standalone","For Sale","USD",20,"N/A","N/A","GameHead","","N/A","N/A",68,"456965","777853","","0000-00-00","Q2 0226",""
"Questline","Standalone","For Sale","USD",19.95,"USD",19.95,"Thunderworks Games","","N/A","N/A",58,"470190","800465","TWK4120","2026-08-04","",""
"Tenpenny Parks: Innovation Expansion","Expansion","For Sale","USD",44.95,"USD",44.95,"Thunderworks Games","","N/A","N/A",35,"450787","766658","TWK3007","0000-00-00","",""
"Tenpenny Parks: Winter Lights & Spooky Nights Expansion","Expansion","For Sale","USD",29.95,"USD",29.95,"Thunderworks Games","","N/A","N/A",32,"443087","753357","TWK3008","0000-00-00","",""
"Tenpenny Parks: Collector's Edition","Standalone","For Sale","USD",134.95,"USD",134.95,"Thunderworks Games","","N/A","N/A",40,"455900","776043","","0000-00-00","",""
"Holiday Hills","Standalone","For Sale","USD",69,"N/A","N/A","Chris Couch Games","Booth 2753","N/A","N/A",53,"421217","714261","","2025-12-00","",""
"Jingle Bell Roll","Standalone","For Sale","USD",25,"N/A","N/A","Chris Couch Games","Booth 2753","N/A","N/A",50,"443697","754470","","2025-12-00","",""
"Garden Club","Standalone","For Sale","USD",45,"N/A","N/A","Chris Couch Games","Booth 2753","N/A","N/A",61,"456424","776989","","0000-00-00","Q3 2026",""
"The Mandalorian: Adventures – Sworn to the Creed Expansion","Expansion","For Sale","USD",39.99,"USD",39.99,"Unexpected Games","Asmodee Booth 817","N/A","N/A",31,"462401","787080","UG07EN","2026-07-31","",""
"Trials of Maya","Standalone","Demo","N/A","N/A","N/A","N/A","Department of Lore","","N/A","N/A",15,"429369","728946","","2026-00-00","",""
"Keep the Faith","Standalone","For Sale","N/A","N/A","N/A","N/A","Central Michigan University Press","","N/A","N/A",10,"450946","766925","","2025-00-00","Q1 2026",""
"Kōhaku: The Big Pond","Expansion","For Sale","USD",30,"USD",30,"Gold Seal Games","Booth 2219 (25th Century Games )","N/A","N/A",25,"442520","752420","","2027-04-00","",""
"Surplus of Sloths","Standalone","For Sale","USD",14.99,"USD",12,"Weird Giraffe Games","","N/A","N/A",9,"440554","749261","","0000-00-00","Q1 2026",""
"Reef & Ruins","Standalone","For Sale","USD",30,"USD",30,"Weird Giraffe Games","","N/A","N/A",24,"427036","725019","","2025-10-00","",""
"Leaves","Standalone","For Sale","USD",21,"USD",17,"Play With Us Design (玩聚設計)","2665","N/A","N/A",15,"469490","799288","","0000-00-00","",""
"0ops!","Standalone","For Sale","USD",21,"USD",17,"Play With Us Design (玩聚設計)","2665","N/A","N/A",13,"469624","799522","","0000-00-00","",""
"AVES","Standalone","For Sale","USD",21,"USD",17,"Play With Us Design (玩聚設計)","2665","N/A","N/A",14,"224122","799523","","0000-00-00","",""
"Club of Cthulhu","Standalone","For Sale","USD",34,"USD",34,"Play With Us Design (玩聚設計)","2665","N/A","N/A",21,"445785","757906","","2025-05-17","",""
"Viking Route","Standalone","For Sale","USD",49.9,"N/A","N/A","Ares Games","#331","N/A","N/A",21,"411265","697182","ARTG025","2025-10-00","Q2 2026",""
"Holiday Hijinks #15: The Mutiny Mystery","Standalone","For Sale","USD",10.99,"USD",10.99,"Grand Gamers Guild","2649","N/A","N/A",160,"469874","799912","","0000-00-00","",""
"Holiday Hijinks #16: The Pride Pursuit","Standalone","For Sale","USD",10.99,"USD",10.99,"Grand Gamers Guild","2649","N/A","N/A",149,"469875","799913","","0000-00-00","",""
"Endangered: Australia","Expansion","For Sale","USD",59.99,"USD",59.99,"Grand Gamers Guild","2649","N/A","N/A",176,"438031","744067","","2026-09-00","",""
"Cities USA","Standalone","For Sale","N/A","N/A","N/A","N/A","Devir","","N/A","N/A",65,"457571","779020","","0000-00-00","March 2026",""
"Orloj: The Prague Astronomical Clock","Standalone","For Sale","N/A","N/A","N/A","N/A","Devir","","N/A","N/A",158,"429405","779608","","0000-00-00","April 2026",""
"Ace of Spades: Call of the Zombie","Expansion","For Sale","N/A","N/A","N/A","N/A","Devir","","N/A","N/A",69,"457607","779105","","0000-00-00","May 2026",""
"Berlin 1960","Standalone","For Sale","N/A","N/A","N/A","N/A","Devir","","N/A","N/A",36,"457568","779017","","0000-00-00","May 2026",""
"Ace of Spades","Standalone","For Sale","N/A","N/A","N/A","N/A","Devir","","N/A","N/A",72,"429861","801526","","2026-00-00","",""
"One Round?","Standalone","For Sale","N/A","N/A","N/A","N/A","Devir","","N/A","N/A",28,"436046","740230","49460","2025-01-31","",""
"Earth Express","Standalone","Demo","N/A","N/A","N/A","N/A","Inside Up Games","","N/A","N/A",74,"467570","796014","IUG026","0000-00-00","",""
"Mini Rogue: The Council","Standalone","For Sale","USD",29,"N/A","N/A","Nuts! Publishing","#229","N/A","N/A",22,"417020","706466","","2026-02-00","",""
"Guerre Eclair","Standalone","For Sale","USD",29.9,"N/A","N/A","Nuts! Publishing","#229","N/A","N/A",11,"296425","738688","","2026-04-24","",""
"SPELL","Standalone","For Sale","USD",15,"N/A","N/A","Nuts! Publishing","#229","N/A","N/A",8,"286363","671105","","2024-00-00","Q4 2026",""
"Tenby","Standalone","For Sale","USD",30,"N/A","N/A","Mighty Boards","","N/A","N/A",103,"407233","772123","","2025-11-00","",""
"Pinched!","Standalone","For Sale","USD",35,"N/A","N/A","Mighty Boards","","N/A","N/A",31,"450685","766477","","2025-10-00","",""
"Red North","Standalone","For Sale","USD",25,"N/A","N/A","Mighty Boards","","N/A","N/A",25,"447737","761208","","2025-10-00","",""
"For the Gods!","Standalone","Demo","N/A","N/A","N/A","N/A","Mighty Boards","","N/A","N/A",77,"444234","755334","","0000-00-00","Q4 2026",""
"Altay: Seafarers Expansion","Expansion","For Sale","USD",34.9,"N/A","N/A","Ares Games","#331","N/A","N/A",9,"454723","774138","ARTG030","2026-02-00","",""
"Yotei","Standalone","Demo","N/A","N/A","N/A","N/A","Mighty Boards","","N/A","N/A",58,"456860","794310","","0000-00-00","",""
"HeroQuest: Wizards of Morcar","Expansion","For Sale","N/A","N/A","N/A","N/A","Avalon Hill","","N/A","N/A",17,"456824","777609","","0000-00-00","",""
"Mountain Goats: Legacy","Standalone","For Sale","USD",40,"USD",40,"Allplay","","N/A","N/A",394,"460712","784368","","0000-00-00","",""
"Enchanted Ivy","Standalone","For Sale","USD",20,"USD",20,"Allplay","","N/A","N/A",408,"460716","784372","","2026-10-00","",""
"Enchanted Ivy: A Grand Birthday","Expansion","For Sale","USD",7,"USD",7,"Allplay","","N/A","N/A",340,"462497","787228","","0000-00-00","",""
"Jibber Jabble","Standalone","For Sale","USD",10,"USD",10,"Allplay","","N/A","N/A",351,"466909","795005","","0000-00-00","Q3 2026",""
"Stonk Market","Standalone","For Sale","USD",10,"USD",10,"Allplay","","N/A","N/A",266,"466911","795007","","0000-00-00","Q3 2026",""
"Container","Standalone","For Sale","USD",40,"USD",40,"Allplay","","N/A","N/A",480,"453740","772438","","2026-08-00","",""
"More Containers","Expansion","For Sale","USD",20,"USD",20,"Allplay","","N/A","N/A",318,"468181","797079","","0000-00-00","Q2 2026",""
"Golden Goal","Standalone","For Sale","USD",10,"USD",10,"Allplay","","N/A","N/A",278,"466908","795004","","0000-00-00","Q2 2026",""
"Le Chocolat","Standalone","For Sale","USD",10,"USD",10,"Allplay","","N/A","N/A",319,"466907","795002","","0000-00-00","Q2 2026",""
"Triangulation","Standalone","For Sale","USD",20,"USD",20,"Allplay","","N/A","N/A",258,"453704","772368","","2026-08-00","",""
"Gruntz","Standalone","For Sale","USD",20,"USD",20,"Allplay","","N/A","N/A",344,"439561","772369","","2026-08-00","",""
"Gruntz: Supplies","Expansion","For Sale","USD",7,"USD",7,"Allplay","","N/A","N/A",269,"468575","797771","","0000-00-00","Q2 2026",""
"3 Witches","Standalone","For Sale","USD",10,"USD",10,"Allplay","","N/A","N/A",347,"447707","761162","","0000-00-00","",""
"Movie Night","Standalone","For Sale","USD",10,"USD",10,"Allplay","","N/A","N/A",264,"459337","782145","","0000-00-00","",""
"Book Club","Standalone","For Sale","USD",10,"USD",10,"Allplay","","N/A","N/A",304,"459979","783211","","0000-12-00","Dec 2025",""
"French Toast","Standalone","For Sale","USD",20,"USD",20,"Allplay","","N/A","N/A",323,"312633","779076","","2025-11-00","",""
"Torchlit","Standalone","For Sale","USD",20,"USD",20,"Allplay","","N/A","N/A",325,"433205","779074","","2025-11-00","",""
"The Networks: Primetime","Standalone","For Sale","USD",40,"USD",40,"Allplay","","N/A","N/A",286,"72321","772366","","2025-10-00","",""
"The Networks: Megacorp","Expansion","For Sale","USD",20,"USD",20,"Allplay","","N/A","N/A",262,"458958","781604","","0000-00-00","2025",""
"Maglev Maps: Volume 2","Expansion","For Sale","N/A","N/A","N/A","N/A","Bézier Games","","N/A","N/A",24,"437651","743276","","2026-06-00","",""
"Munchkin Warhammer 40,000: Grudges And Gore","Expansion","For Sale","N/A","N/A","N/A","N/A","Steve Jackson Games","Booth 1401","N/A","N/A",1,"472266","803740","SJG4493","2026-03-30","",""
"Brigand's Bluff","Standalone","For Sale","N/A","N/A","N/A","N/A","Steve Jackson Games","Booth 1401","N/A","N/A",2,"472264","803738","SJG131359","0000-00-00","",""
"The Witches of Willowspur","Standalone","For Sale","USD",79.99,"USD",79.99,"Devious Weasel Games","","N/A","N/A",21,"466328","794000","DWE8000","0000-00-00","Q3 2026",""
"Sprout","Standalone","Demo","N/A","N/A","N/A","N/A","Rabble","2140","N/A","N/A",18,"424885","720908","","0000-00-00","Q2 2026",""
"Super Auto Pets Card Battle: Golden Pack","Standalone","For Sale","USD",20,"USD",20,"Plaid Hat Games","","N/A","N/A",15,"472278","803788","","2026-08-00","",""
"Super Auto Pets Card Battle: Magic Pack","Standalone","For Sale","USD",20,"USD",20,"Plaid Hat Games","","N/A","N/A",13,"472279","803792","","2026-08-00","",""
"Summoner Wars (Second Edition): Thornhold Drey Faction Deck","Expansion","For Sale","USD",15,"USD",15,"Plaid Hat Games","","N/A","N/A",7,"472280","803793","","2026-06-00","",""
"Summoner Wars (Second Edition): Moonsteppe Wolves Faction Deck","Expansion","For Sale","USD",15,"USD",15,"Plaid Hat Games","","N/A","N/A",7,"472281","803794","","2026-06-00","",""
"Bordeaux","Standalone","For Sale","USD",15,"USD",9,"Road To Infamy Games (R2i Games)","Allplay booth","N/A","N/A",33,"451034","767109","","0000-00-00","",""
"Creature Caravan: Wanderers","Expansion","For Sale","USD",25,"USD",25,"Red Raven Games","Booth #230","N/A","N/A",47,"401692","681542","","2024-00-00","Q4 2024",""
"Railway Boom","Standalone","For Sale","USD",65,"USD",65,"CrowD Games","163","N/A","N/A",140,"448159","803583","CGA25001","0000-00-00","Q3 2026",""
"CRAB RAGE!","Standalone","For Sale","GBP",35,"USD",45,"Osprey Games","2705","N/A","N/A",13,"464931","791386","","2026-09-00","",""
"Undaunted 2200: Revolution","Standalone","For Sale","GBP",65,"USD",85,"Osprey Games","2705","N/A","N/A",31,"464543","790804","","2026-10-00","",""
"Stella Quest","Standalone","For Sale","USD",25,"USD",25,"CrowD Games","163","N/A","N/A",31,"424567","759236","CGA21001","2025-10-00","",""
"Greylune","Standalone","For Sale","USD",39.95,"USD",39.95,"Pandasaurus Games","Booth #215","N/A","N/A",42,"459401","803535","","2026-09-00","",""
"Machi Koro: Life","Standalone","For Sale","USD",29.95,"USD",29.95,"Pandasaurus Games","Booth #215","N/A","N/A",23,"421611","803534","","2026-09-00","",""
"Dinosaur Island: Fully Charged","Standalone","Demo","N/A","N/A","N/A","N/A","Pandasaurus Games","Booth #215","N/A","N/A",41,"454423","773719","","2026-10-00","",""
"En Route","Standalone","For Sale","USD",35,"USD",35,"CrowD Games","163","N/A","N/A",40,"406454","689748","","2025-03-00","",""
"Encyclopedia of Monsters","Standalone","For Sale","USD",29.99,"USD",29.99,"Scorpion Masqué","Hachette Boardgames USA Booth #2435","N/A","N/A",35,"463007","788039","","2026-06-00","",""
"The Hunt","Standalone","For Sale","USD",50,"N/A","N/A","Don't Panic Games","Ares Games booth #229","N/A","N/A",16,"440627","800325","DPG1142","0000-00-00","May 2026",""
"The Old King's Crown","Standalone","For Sale","USD",90,"N/A","N/A","Eerie Idol Games","Booth #1555, Room #126","N/A","N/A",125,"357873","601791","","2025-09-00","",""
"ZeroDay.exe","Standalone","Demo","N/A","N/A","N/A","N/A","PudKat Games","","N/A","N/A",10,"417745","707734","","2026-07-00","",""
"Soar","Standalone","For Sale","USD",29.99,"N/A","N/A","IV Studio","","N/A","N/A",42,"464147","790124","","0000-00-00","",""
"Kittens in Space","Standalone","For Sale","USD",20,"USD",20,"Dead Alive Games","","N/A","N/A",13,"446480","759014","","2025-12-00","",""
"Cat Rescue (Second Edition)","Standalone","For Sale","USD",20,"USD",20,"Dead Alive Games","","N/A","N/A",13,"446478","759011","","2025-10-01","",""
"No No Puppy!","Standalone","Demo","USD",20,"USD",20,"Dead Alive Games","","N/A","N/A",8,"468069","796934","DAG0701","0000-00-00","Q4 2026",""
"Lunar Rush: Innovations","Expansion","For Sale","USD",70,"USD",65,"Dead Alive Games","","N/A","N/A",8,"457536","778969","","2026-10-31","",""
"Forest Shuffle: Smoky Mountains","Standalone","For Sale","N/A","N/A","N/A","N/A","Lookout Games","1109","N/A","N/A",104,"463296","788506","LOG0195","2026-10-00","",""
"Dragon Overload","Standalone","For Sale","N/A","N/A","N/A","N/A","Lookout Games","1109, 817","N/A","N/A",5,"467495","795889","","2026-08-00","",""
"High Society","Standalone","For Sale","USD",20,"USD",20,"Allplay","","N/A","N/A",342,"220","779075","","2025-11-00","",""
"Piñatas","Standalone","For Sale","USD",20,"USD",20,"Allplay","","N/A","N/A",308,"446249","758623","","2025-10-00","",""
"Wordsy","Standalone","For Sale","USD",20,"USD",20,"Allplay","","N/A","N/A",255,"208480","733021","","2025-09-00","",""
"Fiction: Banned Books","Standalone","For Sale","USD",20,"USD",20,"Allplay","","N/A","N/A",304,"453703","772367","","2025-00-00","",""
"Mountain Goats","Standalone","For Sale","USD",10,"USD",10,"Allplay","","N/A","N/A",341,"63975","784485","","2026-00-00","",""
"High Society","Standalone","For Sale","USD",20,"USD",20,"Allplay","","N/A","N/A",288,"220","779075","","2025-11-00","",""
"The Lord of the Rings: The Two Towers – Trick-Taking Game","Standalone","For Sale","USD",26.99,"USD",26.99,"Office Dog","Asmodee Booth 817","N/A","N/A",76,"448271","762066","ODLO05en","0000-00-00","",""
"The Lord of the Rings: Circle of Conflict","Standalone","For Sale","USD",49.99,"USD",49.99,"Office Dog","Asmodee Booth 817","N/A","N/A",40,"462620","787400","ODGRWM0201EN","2026-11-06","",""
"Cozy Stickerville","Standalone","For Sale","USD",39.99,"USD",39.99,"Unexpected Games","Asmodee Booth 817","N/A","N/A",63,"456440","777006","UGCSV0101","2026-02-06","",""
"Gunsen: The Battle for Toshi Ranbo","Standalone","Demo","N/A","N/A","N/A","N/A","Office Dog","Asmodee Booth 1109","N/A","N/A",18,"449018","763407","ODGTBF0101EN","2026-08-28","",""
"Panorama","Standalone","For Sale","USD",19.99,"USD",19.99,"Scorpion Masqué","Hachette Boardgames USA Booth 2435","N/A","N/A",42,"462763","787931","","2026-06-00","",""
"Drillers","Standalone","For Sale","USD",60,"N/A","N/A","Czech Games Edition (CGE)","1003","N/A","N/A",137,"465669","792620","","0000-00-00","Q3 2026",""
"Codenames: Critical Role Adventures","Standalone","For Sale","USD",40,"N/A","N/A","Czech Games Edition (CGE)","1003","N/A","N/A",47,"465849","793165","","0000-00-00","Q3 2026",""
"Codenames: Fairy Tales Expansion Pack","Expansion","For Sale","USD",10,"N/A","N/A","Czech Games Edition (CGE)","1003","N/A","N/A",31,"464602","790925","","0000-00-00","Q2 2026",""
"Codenames: Sci-Fi Expansion Pack","Expansion","For Sale","USD",10,"N/A","N/A","Czech Games Edition (CGE)","1003","N/A","N/A",29,"464604","790927","","0000-00-00","Q2 2026",""
"Codenames: Pictures – Cute Critters Expansion Pack","Expansion","For Sale","USD",10,"N/A","N/A","Czech Games Edition (CGE)","1003","N/A","N/A",25,"464600","790922","","0000-00-00","Q2 2026",""
"Codenames: Critical Role Adventures – Vox Machina Expansion Pack","Expansion","For Sale","USD",12,"N/A","N/A","Czech Games Edition (CGE)","1003","N/A","N/A",26,"465851","793171","","0000-00-00","Q3 2026",""
"SETI: Space Agencies","Expansion","For Sale","USD",30,"N/A","N/A","Czech Games Edition (CGE)","1003","N/A","N/A",109,"445048","756741","CGE00134","2025-10-23","",""
"Raindrops","Standalone","For Sale","USD",29,"USD",30,"DV Games","2109","N/A","N/A",31,"462541","787294","DVG9095","0000-00-00","",""
"Panda Royale: Mayhem Expansion Set","Expansion","For Sale","USD",20,"USD",18,"Last Night Games","","N/A","N/A",24,"466031","793481","LNG2026PANDAMAYEXP","0000-00-00","Q2 2026",""
"Àiyé","Standalone","For Sale","USD",35,"N/A","N/A","Moon Saga Workshop","","N/A","N/A",40,"322626","789855","","0000-00-00","",""
"Loom","Standalone","For Sale","USD",20,"N/A","N/A","Moon Saga Workshop","","N/A","N/A",22,"447262","760386","","2025-00-00","Q4 2026",""
"Dragon Scrolls","Standalone","For Sale","USD",15,"N/A","N/A","Moon Saga Workshop","","N/A","N/A",12,"449349","763964","","2026-00-00","Q4 2026",""
"Grandstand","Standalone","Demo","N/A","N/A","N/A","N/A","Moon Saga Workshop","","N/A","N/A",5,"469365","799098","","0000-00-00","",""
"Grendel: The Game of Crime and Mayhem","Standalone","Demo","N/A","N/A","N/A","N/A","Off the Page Games","","N/A","N/A",38,"440214","748691","","2026-07-00","",""
"Corps of Discovery Duo","Standalone","Demo","N/A","N/A","N/A","N/A","Off the Page Games","","N/A","N/A",23,"462207","786696","","0000-00-00","Dec 2026",""
"Gudnak: Marvorren Expansion","Expansion","For Sale","USD",50,"USD",40,"Chaotic Great","","N/A","N/A",14,"440934","750033","","2025-09-00","",""
"Dino Racer","Standalone","For Sale","N/A","N/A","N/A","N/A","Underdog Games (I)","Booth 935","N/A","N/A",48,"462945","787938","","0000-00-00","Q3 2025",""
"Ministry of Lost Things: Case 2 – Finders Keypers","Standalone","For Sale","USD",29,"USD",26,"PostCurious","2959","N/A","N/A",17,"453357","771782","","0000-00-00","",""
"Horrified: Dungeons & Dragons – Ravenloft","Standalone","For Sale","N/A","N/A","N/A","N/A","Ravensburger AG","Booth 2001","N/A","N/A",35,"468829","798231","24500","0000-00-00","",""
"Disney Villainous: Darkness Brewing","Standalone","For Sale","N/A","N/A","N/A","N/A","Ravensburger AG","Booth 2001","N/A","N/A",5,"470894","801454","25082","0000-00-00","",""
"Mind the Lines","Standalone","For Sale","N/A","N/A","N/A","N/A","Ravensburger AG","Booth 2001","N/A","N/A",16,"419639","792911","","0000-00-00","",""
"Las Vegas","Standalone","For Sale","N/A","N/A","N/A","N/A","Ravensburger AG","Booth 2001","N/A","N/A",25,"463783","789456","24903","0000-00-00","",""
"The Glorious Guilds of Buttonville","Standalone","For Sale","N/A","N/A","N/A","N/A","Ravensburger AG","Booth 2001","N/A","N/A",25,"446949","771680","24785","0000-00-00","",""
"Carcassonne Labyrinth","Standalone","Demo","N/A","N/A","N/A","N/A","Ravensburger AG","Event Hall E","N/A","N/A",31,"469594","799469","","0000-00-00","",""
"Last Lemming","Standalone","Demo","N/A","N/A","N/A","N/A","Ravensburger AG","Event Hall E","N/A","N/A",1,"472329","803891","","0000-00-00","",""
"Disney Villainous: Success at Any Cost","Standalone","For Sale","N/A","N/A","N/A","N/A","Ravensburger AG","Booth 2001","N/A","N/A",9,"463956","789847","","0000-00-00","",""
"Kobayakawa","Standalone","For Sale","N/A","N/A","N/A","N/A","Oink Games","","N/A","N/A",17,"142325","778669","","2025-11-21","",""
"Ants","Standalone","For Sale","USD",69.99,"N/A","N/A","Capstone Games","Booth 611","N/A","N/A",78,"446699","796697","","2026-08-02","",""
"Night at the Zoo","Standalone","For Sale","USD",44.99,"N/A","N/A","Capstone Games","Booth 611","N/A","N/A",148,"457412","796406","","2026-08-05","",""
"Soulaween","Standalone","For Sale","USD",34,"USD",34,"Play With Us Design (玩聚設計)","2665","N/A","N/A",15,"269766","717558","","0000-00-00","",""
"Doodle Puzzle","Standalone","For Sale","USD",36,"USD",34,"Play With Us Design (玩聚設計)","2665","N/A","N/A",9,"428029","726723","","2024-10-03","",""
"Uh Oh, Dino!","Standalone","For Sale","N/A","N/A","N/A","N/A","Ludoliminal","Booth #2965","N/A","N/A",21,"446202","758538","","2025-07-00","",""
"Uh Oh, Dino!: Meteors & Meat-Eaters","Expansion","For Sale","N/A","N/A","N/A","N/A","Ludoliminal","Booth #2965","N/A","N/A",11,"462732","787599","","0000-00-00","",""
"Ka'an: Cities in the Sky","Standalone","Demo","N/A","N/A","N/A","N/A","Detestable Games","","N/A","N/A",97,"472132","803537","","0000-00-00","",""
"Truffle Snuffle","Standalone","Demo","N/A","N/A","N/A","N/A","B.A. Games","","N/A","N/A",8,"472207","803654","","2027-00-00","",""
"Bubble and Shadow","Standalone","For Sale","N/A","N/A","USD",25,"Broadway Toys LTD","164","N/A","N/A",10,"468596","797808","","0000-00-00","",""
"Traveluencer","Standalone","For Sale","N/A","N/A","USD",20,"Broadway Toys LTD","164","N/A","N/A",12,"468593","797803","","0000-00-00","",""
"Foxglove Farm","Standalone","For Sale","USD",40,"N/A","N/A","Alley Cat Games","2052","N/A","N/A",41,"466715","794628","","0000-00-00","",""
"Bookshelf","Standalone","For Sale","USD",17,"N/A","N/A","Alley Cat Games","2052","N/A","N/A",45,"458571","780793","","0000-00-00","",""
"One Piece Nakama: Friends & Enemies","Standalone","For Sale","N/A","N/A","N/A","N/A","Ravensburger AG","Booth 2001","N/A","N/A",8,"426482","795792","0112.1626.71.OCL.OSZ","2025-08-25","",""
"Alchemy Workshop","Standalone","For Sale","N/A","N/A","N/A","N/A","Oaken Table Games","United States","N/A","N/A",6,"472505","804287","","2026-07-31","",""
"Realm of Reckoning","Standalone","For Sale","USD",89.99,"N/A","N/A","IV Studio","","N/A","N/A",42,"446893","803839","","2026-07-01","",""
"YUBIBO","Standalone","For Sale","USD",20,"N/A","N/A","JELLY JELLY GAMES","Booth 2539","N/A","N/A",15,"425602","722192","","2024-10-00","",""
"ONE PIECE: Dawn of Liberation","Standalone","Demo","USD",99,"N/A","N/A","Kess Co.","Room 234","N/A","N/A",12,"460003","783243","","0000-00-00","Q3 2026",""
"Sonic Knock","Standalone","For Sale","USD",30,"N/A","N/A","Kess Co.","Booth 2539","N/A","N/A",8,"468815","798217","","2026-09-00","",""
"ONE PIECE: Escape from Egghead","Standalone","For Sale","USD",30,"N/A","N/A","Kess Co.","booth 2539","N/A","N/A",5,"469809","799813","","2026-08-00","",""
"The Last Command: The Scrapper's","Expansion","For Sale","USD",7,"USD",7,"Sentient Games LLC","Around the Stump Games LLC","N/A","N/A",7,"461254","785207","","0000-00-00","",""
"The Last Command: Captain's Cache","Expansion","For Sale","USD",7,"USD",7,"Sentient Games LLC","Around the Stump Games LLC","N/A","N/A",9,"461253","785206","","0000-00-00","",""
"Spooky Bar","Standalone","For Sale","USD",29.99,"USD",29.99,"Hachette Boardgames USA","Booth 2435","N/A","N/A",27,"468949","803587","ESSB01EN","0000-00-00","Q3 2026",""
"Nine Tiles","Standalone","For Sale","N/A","N/A","USD",29,"Oink Games","","N/A","N/A",19,"188018","798608","","0000-00-00","",""
"Kitsu","Standalone","For Sale","USD",19.99,"N/A","N/A","Lucky Duck Games","","N/A","N/A",8,"429411","766948","","2026-01-00","",""
"Yumegari: Dream Shop","Standalone","Demo","N/A","N/A","N/A","N/A","Lucky Duck Games","","N/A","N/A",32,"471529","802678","937596.006","0000-00-00","",""
"Oakspire: The Builders of the Sunleaf Grove","Standalone","Demo","N/A","N/A","N/A","N/A","Lucky Duck Games","","N/A","N/A",30,"463976","789875","937597.006 ","0000-00-00","Q4 2026",""
"Lairs: Adventurer's Pack","Expansion","For Sale","USD",40,"USD",40,"KTBG","2310","N/A","N/A",72,"463577","789112","","0000-00-00","",""
"Lairs: Deeper Dungeons","Expansion","For Sale","USD",40,"USD",40,"KTBG","Booth 2310","N/A","N/A",65,"463578","789113","","0000-00-00","",""
"Song of Silveranth","Standalone","Demo","N/A","N/A","N/A","N/A","Red Raven Games","Booth #230","N/A","N/A",31,"451428","767811","","0000-00-00","Q2 2027",""
"Microcosm","Standalone","Demo","N/A","N/A","N/A","N/A","Microcosm Games LLC","","N/A","N/A",10,"465778","792811","","0000-00-00","",""
"Bring Your Own Book","Standalone","For Sale","USD",20,"USD",20,"Happy Camper","1908","N/A","N/A",21,"173441","804932","HCG-2007","2026-08-01","",""
"Beach Bandits","Standalone","For Sale","USD",15,"USD",15,"Happy Camper","1908","N/A","N/A",16,"466646","794530","","2026-05-01","",""
"Spaghettin","Standalone","For Sale","USD",15,"N/A","N/A","Alley Cat Games","2052","N/A","N/A",12,"466714","794627","","2026-05-29","",""
"What the Sketch?","Standalone","For Sale","USD",20,"N/A","N/A","Alley Cat Games","2052","N/A","N/A",8,"466716","794629","","0000-00-00","",""
"FateFlip: By Royal Decree","Standalone","For Sale","USD",20,"N/A","N/A","Alley Cat Games","2052","N/A","N/A",15,"435648","764822","","2026-03-00","",""
"Bohemians: Tales From Montmartre","Expansion","For Sale","USD",14.95,"N/A","N/A","Portal Games","","N/A","N/A",32,"460579","784190","","2026-00-00","",""
"Neuroshima Hex: Wiremen","Expansion","For Sale","USD",10,"N/A","N/A","Portal Games","","N/A","N/A",20,"437408","742775","NHWI010525IN","2025-10-23","",""
"Playthings","Standalone","For Sale","USD",30,"USD",25,"DVC Games","2568","N/A","N/A",18,"449930","765002","MXB0110","0000-00-00","Q2 2026",""
"Rosetta: The Lost Language","Standalone","For Sale","USD",27,"USD",25,"DVC Games","2568","N/A","N/A",20,"286770","795274","MXB0010","0000-00-00","",""
"DUST","Standalone","Demo","N/A","N/A","N/A","N/A","DVC Games","2568","N/A","N/A",31,"466974","795121","MXB0120","0000-00-00","Q4 2026",""
"Garden Lake","Standalone","For Sale","USD",35,"N/A","N/A","KTBG","Booth 2310","N/A","N/A",78,"432711","734878","","2025-00-00","Q4 2025",""
"Six Sojourns","Standalone","For Sale","USD",45,"USD",45,"Red Raven Games","230","N/A","N/A",35,"439826","747585","","2025-12-00","",""
"Captain Flip: Isla Bomba","Expansion","For Sale","USD",18,"USD",18,"PlayPunk","Luma Imports: 2841","N/A","N/A",37,"458424","800052","IBEN022026","0000-00-00","",""
"Zenith: Secret Agents","Expansion","For Sale","USD",10,"USD",10,"PlayPunk","Luma Imports: 2841","N/A","N/A",33,"453941","772802","","0000-00-00","",""
"World Order","Standalone","For Sale","USD",85,"USD",85,"Hegemonic Project Games","Luma Imports: 2841","N/A","N/A",44,"403150","684205","","2026-05-00","",""
"World Order: World in Turmoil","Expansion","For Sale","USD",25,"USD",25,"Hegemonic Project Games","Luma Imports: 2841","N/A","N/A",19,"432708","734617","","2026-03-00","Q1 2026",""
"World Order: Diplomacy & Dominance","Expansion","For Sale","USD",25,"USD",25,"Hegemonic Project Games","Luma Imports: 2841","N/A","N/A",20,"463353","799281","HPG_WO_DND","0000-00-00","",""
"Alhambra: Family & Friends Edition","Standalone","For Sale","USD",40,"USD",40,"Queen Games","Luma Imports: 2841","N/A","N/A",12,"433587","736225","10802","0000-00-00","",""
"Fox Grove","Standalone","For Sale","USD",40,"USD",40,"Queen Games","Luma Imports: 2841","N/A","N/A",10,"459195","781921","","0000-00-00","",""
"Ronin","Standalone","For Sale","USD",60,"USD",60,"Queen Games","Luma Imports: 2841","N/A","N/A",10,"443707","754484","","2025-10-00","",""
"Compile: Main 3","Standalone","For Sale","USD",25,"USD",25,"Synapses Games","Luma Imports: 2841","N/A","N/A",40,"469090","798651","COMP-MN03","0000-00-00","Q3 2026",""
"Compile: Aux 3","Expansion","For Sale","USD",6,"USD",6,"Synapses Games","Luma Imports: 2841","N/A","N/A",15,"469091","798652","COMP-AX03","0000-00-00","Q3 2026",""
"Garden Dragons","Standalone","Demo","N/A","N/A","N/A","N/A","B.A. Games","","N/A","N/A",24,"446584","759197","","0000-00-00","Q2 2026",""
"Dungeon Diners","Standalone","Demo","N/A","N/A","N/A","N/A","B.A. Games","","N/A","N/A",16,"446585","759198","","0000-00-00","Q3 2026",""
"Drakaina","Standalone","For Sale","USD",30,"N/A","N/A","Lowtek Games LLC","","N/A","N/A",15,"464135","790099","","2026-00-00","",""
"Miniature Adventures: Adventure 1 – Goblin Troubles","Standalone","For Sale","USD",25,"N/A","N/A","Lowtek Games LLC","","N/A","N/A",16,"395313","672218","","2025-11-00","",""
"Voidfall: Resurgence","Expansion","Demo","N/A","N/A","N/A","N/A","Mindclash Games","261","N/A","N/A",65,"455819","797522","","0000-00-00","",""
"Revenant","Standalone","For Sale","USD",65,"N/A","N/A","Mindclash Games","261","N/A","N/A",84,"428099","726879","","2026-03-00","",""
"Sniper Elite: The Board Game","Standalone","Demo","USD",65,"USD",65,"Rebellion Unplugged","","N/A","N/A",19,"295262","483059","","2022-06-00","",""
"Sniper Elite: The Board Game","Standalone","For Sale","USD",65,"USD",65,"Rebellion Unplugged","","N/A","N/A",17,"295262","483059","","2022-06-00","",""
"Sniper Elite: Operation Kraken","Expansion","For Sale","USD",50,"USD",50,"Rebellion Unplugged","","N/A","N/A",19,"444239","755346","","2026-02-00","",""
"Sniper Elite: Eagle's Nest","Expansion","For Sale","USD",50,"USD",50,"Rebellion Unplugged","","N/A","N/A",18,"363022","615082","","2022-06-00","",""
"My Murder Mystery: The Final Protocol","Standalone","For Sale","USD",18,"N/A","N/A","Horrible Guild","Hall H, booth #2136","N/A","N/A",8,"454078","773014","HG280","2025-11-00","",""
"The Queen's Dilemma","Standalone","For Sale","USD",150,"N/A","N/A","Horrible Guild","Hall H, booth #2136","N/A","N/A",33,"341870","570022","","2026-03-00","",""
"Similo","Standalone","For Sale","N/A","N/A","N/A","N/A","Horrible Guild","Hall H, booth #2136","N/A","N/A",11,"268620","799287","HG192","2026-07-29","",""
"A Carnivore Did It!","Standalone","For Sale","USD",18,"N/A","N/A","Horrible Guild","Hall H, booth #2136","N/A","N/A",30,"451594","768041","","2025-00-00","Sep/Oct 2025",""
"Rocking Raft","Standalone","For Sale","USD",25,"N/A","N/A","Horrible Guild","Hall H, booth #2136","N/A","N/A",11,"466723","794645","HG279","2026-07-00","",""
"Bunny Kingdom Town","Standalone","For Sale","USD",25,"N/A","N/A","IELLO","","N/A","N/A",36,"457283","778329","","2026-05-31","",""
"King of Tokyo Godzilla","Standalone","Demo","N/A","N/A","N/A","N/A","IELLO","","N/A","N/A",38,"463297","788508","","0000-00-00","",""
"Fragments: Promotional booster","Expansion","Demo","N/A","N/A","N/A","N/A","IELLO","","N/A","N/A",3,"472973","805063","","0000-00-00","",""
"Little Soldiers","Standalone","For Sale","USD",35,"N/A","N/A","IELLO","","N/A","N/A",14,"404356","686285","","2025-10-23","",""
"Root: The Homeland Expansion","Expansion","For Sale","USD",60,"N/A","N/A","Leder Games","623","N/A","N/A",24,"428335","727275","LED01028","2026-08-00","",""
"Papyria","Standalone","For Sale","USD",59.99,"N/A","N/A","Capstone Games","Booth 611","N/A","N/A",51,"438534","796694","","2026-08-02","",""
"All Mine!","Standalone","For Sale","USD",16.99,"N/A","N/A","Capstone Games","Booth 611","N/A","N/A",22,"467955","796704","","2026-08-02","",""
"Cucumber Catastrophe","Standalone","For Sale","USD",14,"USD",15,"DV Games","2109","N/A","N/A",10,"457961","779779","DVG9090","0000-00-00","",""
"Sensu","Standalone","For Sale","USD",19,"USD",20,"DV Games","2109","N/A","N/A",13,"402312","764971","DVG9087","2025-11-00","",""
"Koi","Standalone","For Sale","USD",44,"USD",45,"DV Games","2109","N/A","N/A",42,"436161","740521","","2025-07-31","",""
"Kronologic: Babylon 2500","Standalone","For Sale","USD",27.99,"USD",27.99,"Hachette Boardgames USA","Booth 2435","N/A","N/A",44,"406618","803579","SPMKR2500EN","0000-00-00","Q3 2026",""
"Pirate King!","Standalone","For Sale","USD",16.99,"USD",16.99,"Hachette Boardgames USA","Booth 2435","N/A","N/A",9,"428776","803585","GBPK-US","0000-00-00","Q3 2026",""
"Flip Pick Towers","Standalone","For Sale","GBP",20,"USD",30,"Osprey Games","2705","N/A","N/A",32,"453283","771537","","2026-03-00","",""
"Threaded: A Game of Needles and Points","Standalone","For Sale","GBP",40,"USD",50,"Osprey Games","2705","N/A","N/A",33,"453282","771536","","2026-05-00","",""
"Rattlesnake","Standalone","For Sale","GBP",15,"USD",19.99,"Osprey Games","2705","N/A","N/A",25,"453281","771535","","2026-06-00","",""
"Heroscape: Shores of Valhalla Terrain Expansion","Expansion","For Sale","USD",85,"N/A","N/A","Renegade Game Studios","1619","N/A","N/A",2,"455707","775656","","0000-00-00","",""
"Heroscape: Upgraded Necrotech Reavers Common Army Expansion","Expansion","For Sale","USD",50,"N/A","N/A","Renegade Game Studios","1619","N/A","N/A",2,"455705","775653","","0000-00-00","",""
"Heroscape: Revenants of Revna & Nuckelavee Common Army Expansion","Expansion","For Sale","USD",50,"N/A","N/A","Renegade Game Studios","1619","N/A","N/A",2,"455703","775651","","0000-00-00","",""
"FluentSea","Standalone","Demo","N/A","N/A","N/A","N/A","Lioness Games","","N/A","N/A",8,"466329","794001","","0000-00-00","",""
"Photo Club","Standalone","Demo","N/A","N/A","N/A","N/A","DVC Games","2568","N/A","N/A",14,"472570","804390","MXB0130","0000-00-00","Q1 2027",""
"Primacy","Standalone","Demo","N/A","N/A","N/A","N/A","Spielcraft Games","Hall B : Orange, Table 38","N/A","N/A",8,"377946","645404","","2026-00-00","",""
"One in a Million","Standalone","Demo","N/A","N/A","N/A","N/A","Spielcraft Games, Everything's on the Table",", ","N/A","N/A",8,"466074","793556","","2026-00-00","",""
"Gnomeville","Standalone","Demo","N/A","N/A","N/A","N/A","Adam's Apple Games, LLC","","N/A","N/A",24,"455727","775700","","0000-00-00","Q3 2026",""
"Defenders of the Dictionary","Standalone","Demo","N/A","N/A","N/A","N/A","Adam's Apple Games, LLC","","N/A","N/A",18,"388641","661566","","2024-00-00","Q3 2026",""
"Tatsumi","Standalone","For Sale","N/A","N/A","N/A","N/A","Adam's Apple Games, LLC","","N/A","N/A",20,"366089","622033","","2025-10-00","Q1 2026",""
"Camp Grizzly: Second Edition","Standalone","For Sale","N/A","N/A","N/A","N/A","Trick or Treat Studios","Booth 1161","N/A","N/A",34,"449895","764945","","2026-08-00","",""
"Strange Slot Simulator","Standalone","For Sale","N/A","N/A","USD",28,"Hobby Japan","Booth 2321（Surfin' Meeple USA)","N/A","N/A",22,"468535","797701","","0000-00-00","",""
"Galactic Cruise: Rescue Mission Promo Card","Expansion","For Sale","USD",3,"USD",3,"Kinson Key Games","Booth #2842","N/A","N/A",30,"465513","792761","","0000-00-00","",""
"Whisperwood","Standalone","Demo","N/A","N/A","N/A","N/A","Cardboard Alchemy","","N/A","N/A",50,"450830","766723","","2027-00-00","Q3 2027",""
"Flamecraft Duals","Standalone","For Sale","USD",45,"USD",45,"Cardboard Alchemy","Allplay Booth","N/A","N/A",53,"439305","766763","","2025-12-00","",""
"Diplomacy: The Golden Blade","Standalone","For Sale","USD",30,"N/A","N/A","Renegade Game Studios","1619","N/A","N/A",8,"455903","776050","RGS 02917","2026-05-00","",""
"Heroscape: Battle for Blackscar Battle Box","Expansion","For Sale","USD",65,"N/A","N/A","Renegade Game Studios","1619","N/A","N/A",4,"465873","793211","","0000-00-00","",""
"Heroscape: Crooked Crew of the Clockwork Combine Army Expansion","Expansion","For Sale","USD",40,"N/A","N/A","Renegade Game Studios","1619","N/A","N/A",3,"465876","793214","","0000-00-00","",""
"Inkwell","Standalone","For Sale","USD",29.99,"USD",25,"DVC Games","2568","N/A","N/A",34,"442307","752098","MXB0100","2025-12-00","Q1 2026",""
"Heroscape: Clockwork Combine Research Expedition Army Expansion","Expansion","For Sale","USD",45,"N/A","N/A","Renegade Game Studios","1619","N/A","N/A",3,"465874","793212","","0000-00-00","",""
"Heroscape: Might of the New Alliance Army Expansion","Expansion","For Sale","USD",40,"N/A","N/A","Renegade Game Studios","1619","N/A","N/A",2,"465877","793215","","0000-00-00","",""
"Heroscape: Paragons of the New Alliance Army Expansion","Expansion","For Sale","USD",35,"N/A","N/A","Renegade Game Studios","1619","N/A","N/A",2,"465878","793216","","0000-00-00","",""
"Heroscape: Elites of Ullar & Ranoc Vipers Common Army Expansion","Expansion","For Sale","USD",50,"N/A","N/A","Renegade Game Studios","1619","N/A","N/A",2,"455699","775644","","0000-00-00","",""
"Heroscape: Forests of Valhalla Terrain Expansion","Expansion","For Sale","USD",40,"N/A","N/A","Renegade Game Studios","1619","N/A","N/A",2,"455702","775650","","0000-00-00","",""
"Heroscape: Chain Gruts & Ramosaur Rider Common Army Expansion","Expansion","For Sale","USD",50,"N/A","N/A","Renegade Game Studios","1619","N/A","N/A",4,"455701","775648","","0000-00-00","",""
"Heroscape: Thormun & Kraken Army Expansion","Expansion","For Sale","USD",55,"N/A","N/A","Renegade Game Studios","1619","N/A","N/A",2,"455706","775655","","0000-00-00","",""
"Lords of Waterdeep","Standalone","For Sale","USD",55,"N/A","N/A","Renegade Game Studios","1619","N/A","N/A",29,"110327","130603","388510000","2012-03-20","",""
"Lords of Waterdeep: Scoundrels of Skullport","Expansion","For Sale","USD",40,"N/A","N/A","Renegade Game Studios","1619","N/A","N/A",24,"134342","189784","0786964502","2013-08-20","",""
"Heroscape: The Ancient Lands of Valhalla Terrain Expansion","Expansion","For Sale","USD",70,"N/A","N/A","Renegade Game Studios","1619","N/A","N/A",2,"465879","793217","","0000-00-00","",""
"Heroscape: Skordyre Soldiers Common Army Expansion","Expansion","For Sale","USD",45,"N/A","N/A","Renegade Game Studios","1619","N/A","N/A",2,"455704","775652","","0000-00-00","",""
"Medium: The Hand of Fate","Standalone","For Sale","USD",25,"USD",25,"Synapses Games","Luma Imports: 2841","N/A","N/A",7,"436218","796302","MED02EN","0000-00-00","Q3 2026",""
"Not Alone: Remastered Edition","Standalone","For Sale","USD",30,"USD",30,"Geek Attitude Games","Luma Imports: 2841","N/A","N/A",17,"468801","798196","","2026-08-01","",""
"Frosted Blooms","Standalone","For Sale","USD",35,"USD",35,"Synapses Games","Luma Imports: 2841","N/A","N/A",37,"449853","764883","FB01ENFR","2026-03-00","",""
"Circadia","Standalone","For Sale","USD",18,"USD",18,"Synapses Games","Luma Imports: 2841","N/A","N/A",16,"454399","773663","CIRC01ENFR","2026-06-00","",""
"The Lord of the Rings: The King's Gambit","Standalone","Demo","N/A","N/A","N/A","N/A","Restoration Games","","N/A","N/A",63,"467694","796163","","0000-00-00","",""
"Thunder Road: Ignition","Standalone","For Sale","USD",34.95,"USD",34.95,"Restoration Games","","N/A","N/A",55,"464729","791094","","0000-00-00","",""
"Unmatched: Stars and Stripes","Standalone","For Sale","USD",44.95,"USD",44.95,"Restoration Games","","N/A","N/A",32,"451527","767952","","0000-00-00","",""
"Legends of the Arena","Standalone","For Sale","USD",39,"N/A","N/A","Toth Games","","N/A","N/A",9,"432039","733509","","2026-06-00","",""
"The Amazing Journey","Standalone","Demo","N/A","N/A","N/A","N/A","Horrible Guild","Hall H, booth #2136","N/A","N/A",10,"471086","801845","HG191","0000-00-00","",""
"My Murder Mystery: A Dead Monkey","Standalone","For Sale","USD",18,"N/A","N/A","Horrible Guild","Hall H, booth #2136","N/A","N/A",8,"454077","773013","HG281","2025-11-00","",""
"Madcala","Standalone","For Sale","USD",49.99,"N/A","N/A","Druid City Games","","N/A","N/A",31,"414764","702427","","2025-10-00","",""
"Off With Their Heads!","Standalone","For Sale","USD",24.99,"N/A","N/A","Druid City Games","","N/A","N/A",34,"445476","757419","","0000-00-00","",""
"Black Flag!","Standalone","For Sale","N/A","N/A","N/A","N/A","DV Games","2109","N/A","N/A",12,"472803","804787","DVG9123","2026-07-28","",""
"Combo Creatures: The Witty Ones","Standalone","For Sale","N/A","N/A","N/A","N/A","DV Games","2109","N/A","N/A",8,"472805","804793","DVG9707","2026-07-28","",""
"Duel of Meloch","Standalone","For Sale","N/A","N/A","N/A","N/A","Stonemaier Games","","N/A","N/A",69,"473061","805231","","0000-00-00","",""
"Zosimos","Standalone","Demo","N/A","N/A","N/A","N/A","3WS Games","","N/A","N/A",9,"202030","314672","","0000-00-00","",""
"FlipToons: Season 2","Standalone","For Sale","USD",20,"USD",20,"Thunderworks Games","","N/A","N/A",70,"473739","806461","TWK1252","2026-08-04","",""
"Hell of a Deal","Standalone","For Sale","N/A","N/A","N/A","N/A","Smirk & Dagger Games","Booth 719","N/A","N/A",24,"463605","789153","","0000-00-00","",""
"Wingspan Pocket","Standalone","For Sale","N/A","N/A","N/A","N/A","Stonemaier Games","","N/A","N/A",90,"473508","806042","","2026-07-15","",""
"Invincible: The Hero-Building Game, Season 2","Expansion","For Sale","N/A","N/A","N/A","N/A","Dire Wolf","","N/A","N/A",20,"472821","804839","","0000-00-00","",""
"Rascally Rabbits","Standalone","Demo","USD",25,"N/A","N/A","Sunrise Tornado Game Studio","demo event and First Exposure","N/A","N/A",15,"447276","760411","","0000-00-00","",""
"Combo Creatures: The Quick Ones","Standalone","For Sale","USD",19,"USD",20,"DV Games","2109","N/A","N/A",9,"472572","804392","DVG9705","2026-07-28","",""
"Mistborn: The Well of Ascension","Expansion","Demo","N/A","N/A","N/A","N/A","Brotherwise Games","Booth 339 and Room 133","N/A","N/A",37,"472577","804399","BGM9421","2026-11-18","",""
"Buttons & Bugs: Pub Crawlers","Expansion","For Sale","USD",17.99,"USD",17.99,"Cephalofair Games","","N/A","N/A",43,"473161","805410","CPH1003","2026-09-00","",""
"Orapa Mine","Standalone","Demo","N/A","N/A","N/A","N/A","Crafty Games","155","N/A","N/A",45,"424152","805588","CFG75006","0000-00-00","Q3 2026",""
"Machi Koro: Life","Standalone","For Sale","USD",30,"N/A","N/A","Pandasaurus Games","Booth #215","N/A","N/A",14,"421611","803534","","2026-09-00","",""
"Greylune","Standalone","For Sale","USD",40,"N/A","N/A","Pandasaurus Games","Booth #215","N/A","N/A",38,"459401","782248","","0000-00-00","SPIEL '26",""
"The Secrets of Warden Keene","Standalone","Demo","USD",45,"N/A","N/A","Pandasaurus Games","Booth #215","N/A","N/A",17,"453913","804031","","0000-00-00","Oct 2026",""
"The Stormlamp Rituals","Standalone","Demo","USD",29,"N/A","N/A","PostCurious","","N/A","N/A",15,"469854","799879","","0000-00-00","",""
"Emerald Echoes","Standalone","For Sale","USD",75,"USD",70,"PostCurious","","N/A","N/A",33,"442415","752265","","2026-05-00","",""
"Jisogi: Anime Studio Tycoon","Standalone","For Sale","USD",59.99,"N/A","N/A","Good Games Publishing","","N/A","N/A",96,"429845","790579","GGP036","2026-06-00","",""
"Skyward Republic","Standalone","For Sale","USD",34.99,"N/A","N/A","Good Games Publishing","","N/A","N/A",64,"464564","790852","GGP030","2026-08-18","",""
"Mythic Baths","Standalone","For Sale","USD",29.99,"N/A","N/A","Good Games Publishing","","N/A","N/A",77,"464563","790851","GGP028","2026-06-18","",""
"Winds of Numa Sera","Standalone","Demo","N/A","N/A","N/A","N/A","Good Games Publishing","","N/A","N/A",40,"411372","797806","GGP029","2026-06-18","",""
"Tianxia: Silk Road","Expansion","For Sale","N/A","N/A","N/A","N/A","Board&Dice","2527","N/A","N/A",10,"465739","792749","","2026-08-02","",""
"The Trial of the Forest","Standalone","For Sale","USD",59,"USD",59,"Rebel Studio","817","N/A","N/A",19,"449725","764642","","0000-00-00","",""
"The Last Kingdom: Destiny is All","Standalone","For Sale","USD",34.99,"N/A","N/A","Upper Deck Entertainment","Booth 1205","N/A","N/A",4,"467207","795411","","2026-00-00","",""
"North American Railways","Standalone","For Sale","USD",30,"N/A","N/A","Crafty Games","155","N/A","N/A",10,"191438","805586","CFG75005","2026-09-01","",""
"Ostia: Mariner Edition","Standalone","Demo","USD",90,"N/A","N/A","Crafty Games","155","N/A","N/A",37,"469388","799138","","0000-00-00","Q3 2026",""
"Canvas Critters","Standalone","For Sale","USD",24.99,"N/A","N/A","3WS Games","booth #231","N/A","N/A",11,"414603","702187","3WSCCRBG001","2025-08-00","",""
"A Familiar Find","Standalone","For Sale","USD",24.99,"USD",24.99,"Darrington Press","","N/A","N/A",1,"465239","791852","","2026-04-07","",""
"The Gang: Deluxe Edition","Standalone","For Sale","USD",39.95,"USD",35.96,"Thames & Kosmos","","N/A","N/A",21,"462191","786673"," 683890","2026-07-30","Q3 2026",""
"Temple Twist","Standalone","For Sale","USD",29.95,"USD",26.96,"KOSMOS","Booth 2605","N/A","N/A",12,"462360","786990"," 684590","0000-00-00","Q2 2026",""
"The Crew: Journey to the Ends of the Earth","Standalone","For Sale","USD",14.95,"USD",13.46,"KOSMOS","Booth 2605","N/A","N/A",41,"462192","786675","691866","2026-00-00","Q3 2026",""
"Oh My Word","Standalone","For Sale","USD",19.95,"USD",17.96,"KOSMOS","Booth 2605","N/A","N/A",2,"432823","786994","684891","2025-08-15","Q2 2026",""
"The Gang: More Players","Expansion","For Sale","USD",9.95,"USD",8.96,"KOSMOS","Booth 2605","N/A","N/A",22,"462190","786677","683891","2026-03-05","Q2 2026",""
"Wildblooms","Standalone","For Sale","USD",29.95,"USD",26.96,"KOSMOS","Booth 2605","N/A","N/A",11,"446878","786972"," 684693","2025-10-15","Q2 2025",""
"EXIT: The Game – The Circus Mystery","Standalone","For Sale","USD",17.95,"USD",16.16,"KOSMOS","Booth 2605","N/A","N/A",10,"445019","784437","692888","0000-00-00","Q1 2026",""
"EXIT: The Game – Kids: The Great Bee-scape","Standalone","For Sale","USD",17.95,"USD",16.16,"KOSMOS","Booth 2605","N/A","N/A",3,"449213","784436","692870","0000-00-00","Q1 2026",""
"Eat Your Veggies!","Standalone","Demo","USD",20,"N/A","N/A","Everything's on the Table","","N/A","N/A",2,"456003","776219","","0000-00-00","",""
"Sky 5","Standalone","For Sale","USD",14.99,"N/A","N/A","Druid City Games","","N/A","N/A",28,"466022","793468","","0000-00-00","",""
"Meow 10","Standalone","For Sale","USD",15,"USD",15,"Playte","155","N/A","N/A",11,"448154","761869","","0000-00-00","",""
"Stereo Mind","Standalone","For Sale","USD",25,"USD",25,"Playte","155","N/A","N/A",11,"369257","761867","","0000-00-00","Q4 2025",""
"Ada's Library","Standalone","For Sale","USD",25,"USD",25,"Playte","155","N/A","N/A",18,"6481","782548","","0000-00-00","",""
"Alphabet Code","Standalone","For Sale","USD",20,"USD",20,"Playte","155","N/A","N/A",16,"451154","767294","","0000-00-00","",""
"Depot","Standalone","For Sale","USD",15,"USD",15,"Playte","155","N/A","N/A",17,"445142","767295","","0000-00-00","",""
"Fenceology","Standalone","For Sale","USD",20,"USD",20,"Playte","155","N/A","N/A",10,"446300","796643","","0000-00-00","",""
"Finger Pirates","Standalone","For Sale","USD",15,"USD",15,"Playte","155","N/A","N/A",12,"468368","797463","","0000-00-00","",""
"Nebular Colors","Standalone","For Sale","USD",15,"USD",15,"Playte","155","N/A","N/A",16,"456442","796648","","0000-00-00","",""
"Big Shot","Standalone","For Sale","USD",30,"USD",30,"Playte","155","N/A","N/A",17,"1125","793475","","0000-00-00","",""
"Gouda! Gouda! Cat Attack","Standalone","For Sale","USD",25,"USD",25,"Playte","155","N/A","N/A",11,"3352","793186","","2026-02-26","",""
"20 Strong: Etherfields","Expansion","For Sale","USD",22,"N/A","N/A","Chip Theory Games","","N/A","N/A",16,"466598","794456","","0000-00-00","",""
"20 Strong: Tainted Grail","Expansion","For Sale","USD",22,"N/A","N/A","Chip Theory Games","","N/A","N/A",13,"466596","794454","","0000-00-00","",""
"Jump Masters!","Standalone","For Sale","USD",50,"N/A","N/A","Neon Knight Games","","N/A","N/A",8,"463836","791519","","0000-00-00","",""
"Dragons of Etchinstone","Standalone","For Sale","USD",15,"N/A","N/A","Chip Theory Games","","N/A","N/A",15,"367086","751562","DOE-GAME-001/DR-DRA-2025-1","2025-11-00","",""
"Dragons of Etchinstone: Northvale","Expansion","For Sale","USD",12,"N/A","N/A","Chip Theory Games","","N/A","N/A",11,"409837","753900","DOE-ADD-001/DR-NOR-2025-1","2025-12-00","",""
"Dragons of Etchinstone: Siege","Expansion","For Sale","USD",12,"N/A","N/A","Chip Theory Games","","N/A","N/A",11,"443422","753905","DOE-ADD-02/DR-SIE-2025-1","0000-00-00","",""
"Dragons of Etchinstone","Standalone","For Sale","USD",15,"N/A","N/A","Chip Theory Games","","N/A","N/A",13,"367086","760439","","0000-00-00","",""
"Ashes Ascendancy","Standalone","For Sale","USD",50,"USD",40,"Plaid Hat Games","","N/A","N/A",7,"437290","742561","","2025-12-10","",""
"Ashes Ascendancy: Natural Magic Expansion","Expansion","For Sale","USD",40,"USD",40,"Plaid Hat Games","","N/A","N/A",7,"472285","803799","","2026-06-00","",""
"Neko Syndicate","Standalone","For Sale","USD",30,"N/A","N/A","25th Century Games","2219","N/A","N/A",7,"415792","742037","","2025-10-00","",""
"Leaning Tower of Pizza","Standalone","For Sale","USD",20,"USD",20,"Playte","155","N/A","N/A",13,"467943","796646","","0000-00-00","",""
"New York, New York","Standalone","For Sale","USD",20,"USD",20,"Playte","155","N/A","N/A",17,"856","590523","","2021-00-00","",""
"Silver Mine","Standalone","For Sale","USD",25,"USD",25,"Playte","155","N/A","N/A",10,"1120","797464","","0000-00-00","",""
"Haunted Mouse: It's a Trap!","Expansion","For Sale","N/A","N/A","N/A","N/A","Bézier Games","","N/A","N/A",13,"472321","803882","BEZ HMTR","2026-06-12","",""
"Zombie Princess: Little Mermaid","Expansion","For Sale","N/A","N/A","N/A","N/A","Bézier Games","","N/A","N/A",13,"472325","803887","","0000-00-00","",""
"Nature: Climate","Expansion","For Sale","USD",30,"USD",30,"NorthStar Game Studio","GenCon booth 2713","N/A","N/A",13,"453175","771311","","2026-06-00","",""
"Miskatonic Tales: Journey to Innsmouth","Standalone","For Sale","USD",70,"USD",65,"Chaosium","","N/A","N/A",21,"429431","729047","","2025-10-00","",""
"Computer Junkyard","Standalone","For Sale","USD",54.95,"USD",49.95,"Dream Egg Games","Booth #163","N/A","N/A",8,"424897","720928","","2026-04-00","",""
"JinxO","Standalone","For Sale","USD",29.99,"USD",29.99,"Tabletoys Games","Booth #163","N/A","N/A",10,"400495","679385","","2024-10-04","",""
"20 Strong: Nemesis","Expansion","For Sale","USD",35,"N/A","N/A","Chip Theory Games","","N/A","N/A",18,"466594","794452","","0000-00-00","",""
"Feather Lane","Standalone","For Sale","USD",35,"USD",30,"Last Night Games","","N/A","N/A",15,"462963","787959","LNG2026FTHR","0000-00-00","Q2 2026",""
"Honeycomb Hustle","Standalone","For Sale","USD",35,"USD",30,"Last Night Games","","N/A","N/A",12,"462961","787957","LNG2026HONEY","0000-00-00","Q2 2026",""
"Five Card Spud","Standalone","For Sale","USD",15,"USD",12,"Marmot Card Games","Booth #2209","N/A","N/A",4,"464154","790134","","0000-00-00","Q2 2026",""
"Peak to Peak","Standalone","For Sale","USD",15,"USD",12,"Marmot Card Games","Booth #2209","N/A","N/A",5,"464155","790135","MCG2026PTP","2026-06-00","",""
"Witch Hunt 1649","Standalone","For Sale","USD",19.95,"N/A","N/A","Central Michigan University Press","Booth 2758","N/A","N/A",9,"366500","763509","","2025-00-00","Q1 2026",""
"Pop Art","Standalone","For Sale","USD",25,"USD",25,"Road To Infamy Games (R2i Games)","Allplay event room #140","N/A","N/A",17,"452187","769318","","2026-08-00","",""
"Food Truck Fury","Standalone","Demo","N/A","N/A","N/A","N/A","Van Ryder Games","Room 125","N/A","N/A",32,"472256","803725","","0000-00-00","SPIEL '26",""
"The Path of the Priest","Standalone","For Sale","USD",10,"N/A","N/A","Detestable Games","","N/A","N/A",93,"438732","803542","DTS-10100-EN","2026-07-30","",""
"Parks & Potions","Standalone","For Sale","USD",35,"N/A","N/A","Moon Saga Workshop","","N/A","N/A",29,"414927","702675","","2025-10-01","",""
"Wizard Community College","Standalone","For Sale","USD",20,"N/A","N/A","Moon Saga Workshop","","N/A","N/A",15,"453916","772766","","2026-00-00","",""
"Root: Homeland Hirelings Pack","Expansion","For Sale","USD",20,"N/A","N/A","Leder Games","623","N/A","N/A",7,"431220","732145","LED01029","2026-08-00","",""
"Phantom Ink","Standalone","For Sale","USD",20,"USD",20,"Allplay","","N/A","N/A",249,"330592","804220","","0000-00-00","Q3 2026",""
"Fast Out","Standalone","For Sale","USD",30,"USD",30,"Queen Games","Luma Imports: 2841","N/A","N/A",1,"459199","805123","QNG11121","2026-07-03","",""
"Out of Words","Standalone","For Sale","USD",30,"USD",30,"Queen Games","Luma Imports: 2841","N/A","N/A",3,"452572","805124","QNG10950","2026-07-03","",""
"Crime Scene Tamperer","Standalone","For Sale","USD",19.95,"USD",19.95,"Greater Than Games, LLC","Booth 2856","N/A","N/A",16,"473060","805230","CRIM-CORE","2026-08-15","",""
"Digital Detox","Standalone","For Sale","USD",19.95,"USD",19.95,"Greater Than Games, LLC","Booth 2856","N/A","N/A",7,"473062","805232","DTOX-CORE","2026-08-15","",""
"Legendary: A Marvel Deck Building Game (Second Edition)","Standalone","For Sale","USD",99.99,"N/A","N/A","Upper Deck Entertainment","Booth 1205","N/A","N/A",18,"426580","724249","","0000-00-00","",""
"Legendary: A DC Deck Building Game","Standalone","For Sale","USD",99.99,"N/A","N/A","Upper Deck Entertainment","Booth 1205","N/A","N/A",24,"458319","780359","","0000-00-00","",""
"Enemies of Gotham City","Standalone","For Sale","USD",149,"N/A","N/A","Upper Deck Entertainment","Booth 1205","N/A","N/A",34,"451424","767806","","0000-00-00","",""
"Wondrous Creatures: Winterfall","Expansion","Demo","USD",45,"N/A","N/A","Bad Comet","Envoy (ICC : Hall D : Bad Comet Games : HQ)","N/A","N/A",101,"459138","781841","","2026-00-00","",""
"War of the Dragon: The Wheel of Time","Standalone","Demo","N/A","N/A","N/A","N/A","Dire Wolf","Dire Wolf Event Room #141","N/A","N/A",18,"470548","800946","","0000-00-00","",""
"Dune: Imperium – Conspiracy","Expansion","Demo","N/A","N/A","N/A","N/A","Dire Wolf","Dire Wolf Event Room #141","N/A","N/A",30,"472822","804840","","0000-00-00","",""
"Clank!: A Deck-Building Adventure","Standalone","For Sale","N/A","N/A","N/A","N/A","Dire Wolf","","N/A","N/A",17,"201808","804861","","0000-00-00","",""
"Clank!: Adventuring Party","Expansion","For Sale","N/A","N/A","N/A","N/A","Dire Wolf","","N/A","N/A",14,"308918","804862","","0000-00-00","",""
"Stones & Rivers","Standalone","For Sale","USD",35,"USD",35,"Blue Heron Games","Booth 1456","N/A","N/A",6,"381420","766368","","2026-08-00","",""
"Magicats","Standalone","For Sale","USD",35,"USD",35,"Korea Boardgames","#2855","N/A","N/A",5,"462437","787125","","2026-04-11","",""
"Jusayo","Standalone","For Sale","USD",15,"USD",15,"Korea Boardgames","#2855","N/A","N/A",6,"467435","795789","","0000-00-00","",""
"Brushwood","Standalone","For Sale","USD",25,"USD",25,"Korea Boardgames","#2855","N/A","N/A",7,"461900","786217","","2026-02-02","",""
"Orapa Space","Standalone","For Sale","USD",30,"USD",30,"Playte","155","N/A","N/A",25,"448740","783026","","0000-00-00","",""
"Meow Meow Dice","Standalone","For Sale","USD",25,"USD",25,"Playte","155","N/A","N/A",12,"440029","748213","","2025-04-05","",""
"Zombie Princess","Standalone","For Sale","N/A","N/A","N/A","N/A","Bézier Games","","N/A","N/A",77,"443074","753336","","2027-00-00","",""
"Haunted Mouse","Standalone","For Sale","N/A","N/A","N/A","N/A","Bézier Games","","N/A","N/A",45,"443195","753539","","2026-06-00","",""
"The Game Makers","Standalone","For Sale","N/A","N/A","N/A","N/A","Bézier Games","","N/A","N/A",151,"447776","761279","","2026-07-00","",""
"Warp 99","Standalone","For Sale","N/A","N/A","N/A","N/A","Bézier Games","","N/A","N/A",17,"465934","793322","BEZ WARP99","0000-00-00","",""
"Warp 99: Hyperdrive","Expansion","For Sale","N/A","N/A","N/A","N/A","Bézier Games","","N/A","N/A",12,"468397","797501","WARP99HD","2026-07-30","",""
"Seashells","Standalone","For Sale","USD",20,"N/A","N/A","KTBG","Booth 2310","N/A","N/A",58,"453737","772429","","2026-11-00","",""
"Treeline","Standalone","For Sale","USD",20,"N/A","N/A","Burnt Island Games","Booth 2310","N/A","N/A",47,"458570","780791","","0000-00-00","",""
"Killing With Kindness","Standalone","Demo","N/A","N/A","N/A","N/A","Burnt Island Games","2310","N/A","N/A",54,"461934","786281","","0000-00-00","",""
"Estate: Raise the Realm","Standalone","For Sale","USD",69,"N/A","N/A","Grod Games LLC.","Lucas Oil Stadium (Bear Left HQ)","N/A","N/A",42,"419437","710969","","2025-11-00","Q1 2026",""
"Lairs","Standalone","For Sale","USD",40,"N/A","N/A","KTBG","Booth 2310","N/A","N/A",152,"404883","687085","KTG1501","2026-02-00","",""
"Zeus on the Loose","Standalone","For Sale","USD",15,"USD",15,"Happy Camper","1908","N/A","N/A",7,"22864","795334","HCG-2006","2026-05-01","",""
"dnup","Standalone","For Sale","N/A","N/A","N/A","N/A","asmodee","Asmodee booth #1109","N/A","N/A",49,"432456","792708","","2026-05-28","",""
"Here Lies: Volume II","Standalone","Demo","N/A","N/A","N/A","N/A","DVC Games","2568","N/A","N/A",17,"472711","804659","MXB0150","0000-00-00","Q3 2027",""
"Abroad","Standalone","For Sale","USD",69,"N/A","N/A","Portal Games","","N/A","N/A",77,"437337","804329","","2026-10-00","",""
"Maestro","Standalone","For Sale","USD",70,"USD",70,"Board&Dice","2527","N/A","N/A",40,"458970","781626","","0000-00-00","",""
"Gretchen's Garden","Standalone","For Sale","N/A","N/A","N/A","N/A","Lookout Games","817","N/A","N/A",7,"462605","787375","LOGLISU01EN","2026-04-01","",""
"Forest Shuffle: Dartmoor – Exmoor","Expansion","For Sale","N/A","N/A","N/A","N/A","Lookout Games","817","N/A","N/A",32,"463201","788343","LOG0193","2026-05-00","May 2026",""
"Ghosts Galore","Standalone","For Sale","N/A","N/A","N/A","N/A","Lookout Games","817","N/A","N/A",11,"458230","780215","LOG0191","2026-02-20","",""
"Forest Shuffle: Dartmoor","Standalone","For Sale","N/A","N/A","N/A","N/A","Lookout Games","1109, 817","N/A","N/A",20,"438402","744681","","2025-09-00","",""
"Ringyō","Standalone","Demo","N/A","N/A","N/A","N/A","Paverson Games","","N/A","N/A",90,"451298","767529","","2026-00-00","",""
"Confusing Lands: Icebound Isles","Standalone","For Sale","N/A","N/A","USD",15,"Envy Born Games","2561","N/A","N/A",49,"465350","792021","","2026-07-30","",""
"Jason and the Argonauts","Standalone","Demo","N/A","N/A","N/A","N/A","Envy Born Games","2561","N/A","N/A",308,"457470","778824","","2027-02-00","",""
"Hercules and the 12 Labors","Standalone","For Sale","N/A","N/A","USD",30,"Envy Born Games","2561","N/A","N/A",234,"436038","740214","","2025-12-01","",""
"Cats vs Cucumbers","Standalone","For Sale","N/A","N/A","USD",20,"Envy Born Games","2561","N/A","N/A",40,"437875","743766","","2025-12-00","Q1 2026",""
"Cyberpunk Legends","Standalone","Demo","N/A","N/A","N/A","N/A","Night Crew Games","","N/A","N/A",35,"450672","766376","","2026-00-00","",""
"Guillotine","Standalone","For Sale","N/A","N/A","N/A","N/A","Avalon Hill","","N/A","N/A",49,"116","799346","","2026-00-00","",""
"Fury of Dracula (Fifth Edition)","Standalone","For Sale","N/A","N/A","N/A","N/A","Avalon Hill","","N/A","N/A",48,"469328","799046","G3331UU0","2026-09-15","",""
"Talisman Sagas: Crown of Blood","Expansion","For Sale","N/A","N/A","N/A","N/A","Avalon Hill","","N/A","N/A",5,"468847","798259","628G2805","2026-06-15","",""
"Sanibel","Standalone","For Sale","N/A","N/A","N/A","N/A","Avalon Hill","","N/A","N/A",51,"447002","759953","G2807UU01","2026-01-16","",""
"Market Fresh","Standalone","For Sale","N/A","N/A","N/A","N/A","Avalon Hill","","N/A","N/A",28,"456459","777047","G2806M5A1","2026-01-00","",""
